id,source_split,text,tokens,labels,is_correct,review_note
test_001695,test,"E đăng ký khám ngay để bs tư vấn cho mình nhé, chứ ko để tình trạng tự hại bản thân kéo dài đc e đăng ký khám online với chị trong mục bác sỹ ơi. Nhập mã voucher để đc miễn phí khám và tư vấn nhé hiện tại mình vừa tiêm vacxin astrazeneca. Đến ngày thứ 4 bị nổi vài vết mẫn ngứa ở tay. Không biết có nguy hiểm không? Và xử lý như thế nào? Chỉ giúp mình với. Chào bạn, theo hướng dẫn tự theo dõi sức khỏe sau tiêm vaccine phòng covid 19 của bộ y tế nếu trên da thấy có phát ban hoặc nổi mẩn đỏ hoặc tím tái hoặc đỏ da hoặc chảy máu, xuất huyết dưới da thì cần liên hệ với đội cấp cứu lưu động hoặc đến thẳng các bệnh viện để được thăm khám và xử trí.",e đăng ký khám ngay để bs tư vấn cho mình nhé chứ ko để tình trạng tự hại bản thân kéo dài đc e đăng ký khám online với chị trong mục bác sỹ ơi nhập mã voucher để đc miễn phí khám và tư vấn nhé hiện tại mình vừa tiêm vacxin astrazeneca đến ngày thứ 4 bị nổi vài vết mẫn ngứa ở tay không biết có nguy hiểm không và xử lý như thế nào chỉ giúp mình với chào bạn theo hướng dẫn tự theo dõi sức khỏe sau tiêm vaccine phòng covid 19 của bộ y tế nếu trên da thấy có phát ban hoặc nổi mẩn đỏ hoặc tím tái hoặc đỏ da hoặc chảy máu xuất huyết dưới da thì cần liên hệ với đội cấp cứu lưu động hoặc đến thẳng các bệnh viện để được thăm khám và xử trí,O O O O O O O O O O O COMMA O O O O O O O O O O O O O O O O O O O O O O O PERIOD O O O O O O O O O O O O O O O O O O PERIOD O O O O O O O O O O O PERIOD O O O O O QUESTION O O O O O QUESTION O O O PERIOD O COMMA O O O O O O O O O O O O O O O O O O O O O O O O O O O O O O O O O O O O O COMMA O O O O O O O O O O O O O O O O O O O O O O O O O O PERIOD,,
test_002010,test,"Chào bạn, xạ trị là phương pháp điều trị ung thư bằng cách dùng các chất phóng xạ tác động vào khu vực có tế bào ung thư. Xạ trị chỉ tác động trực tiếp lên các tế bào ung thư ngay tại vùng xạ trị mà không ảnh hưởng tới các vị trí khác trong cơ thể. Mặc dù vậy, tia xạ có thể gây viêm, xơ các mô lành xung quanh, các tổn thương này có thể không mất đi ngay cả sau khi kết thúc xạ trị. Trường hợp này bạn nên đưa vợ tái khám chuyên khoa ung bướu để xem lại kết quả siêu âm và sinh thiết. Với kết quả này không nghĩ là do ung thư tái phát nhưng cần đánh giá trực tiếp bởi bs chuyên khoa bạn nhé. Thân mến.",chào bạn xạ trị là phương pháp điều trị ung thư bằng cách dùng các chất phóng xạ tác động vào khu vực có tế bào ung thư xạ trị chỉ tác động trực tiếp lên các tế bào ung thư ngay tại vùng xạ trị mà không ảnh hưởng tới các vị trí khác trong cơ thể mặc dù vậy tia xạ có thể gây viêm xơ các mô lành xung quanh các tổn thương này có thể không mất đi ngay cả sau khi kết thúc xạ trị trường hợp này bạn nên đưa vợ tái khám chuyên khoa ung bướu để xem lại kết quả siêu âm và sinh thiết với kết quả này không nghĩ là do ung thư tái phát nhưng cần đánh giá trực tiếp bởi bs chuyên khoa bạn nhé thân mến,O COMMA O O O O O O O O O O O O O O O O O O O O O O O O O PERIOD O O O O O O O O O O O O O O O O O O O O O O O O O O O O O PERIOD O O COMMA O O O O O COMMA O O O O O COMMA O O O O O O O O O O O O O O O O PERIOD O O O O O O O O O O O O O O O O O O O O O O PERIOD O O O O O O O O O O O O O O O O O O O O O O O PERIOD O PERIOD,,
test_002100,test,"Ghẻ là bệnh do một loài chân đốt gây ra gọi là cái ghẻ. Cái ghẻ thường đào đường hầm vào ban đêm do đó người bệnh ngứa nhiều nhất là về đêm. Ở người trưởng thành và trẻ lớn, ghẻ thường xuất hiện ở kẽ ngón tay, các nếp gấp ở cổ tay, vùng khuỷu tay bên trong, lòng bàn chân, trong nách, lưng, mông, vùng quanh vú, xung quanh bộ phận sinh dục nam còn trẻ sơ sinh và trẻ nhỏ, vị trí nhiễm thường da đầu, mặt, cổ, lòng bàn tay, lòng bàn chân. Nếu không được phát hiện và điều trị sớm bệnh có thể lan toàn cơ thể. Cần khám bác sĩ chuyên khoa để được kê thuốc đặc trị và tuân thủ, kết hợp vệ sinh thân thể, môi trường sống thì bệnh mới khỏi. Tổ đỉa là bệnh dị ứng của da.",ghẻ là bệnh do một loài chân đốt gây ra gọi là cái ghẻ cái ghẻ thường đào đường hầm vào ban đêm do đó người bệnh ngứa nhiều nhất là về đêm ở người trưởng thành và trẻ lớn ghẻ thường xuất hiện ở kẽ ngón tay các nếp gấp ở cổ tay vùng khuỷu tay bên trong lòng bàn chân trong nách lưng mông vùng quanh vú xung quanh bộ phận sinh dục nam còn trẻ sơ sinh và trẻ nhỏ vị trí nhiễm thường da đầu mặt cổ lòng bàn tay lòng bàn chân nếu không được phát hiện và điều trị sớm bệnh có thể lan toàn cơ thể cần khám bác sĩ chuyên khoa để được kê thuốc đặc trị và tuân thủ kết hợp vệ sinh thân thể môi trường sống thì bệnh mới khỏi tổ đỉa là bệnh dị ứng của da,O O O O O O O O O O O O O PERIOD O O O O O O O O O O O O O O O O O O PERIOD O O O O O O COMMA O O O O O O O COMMA O O O O O COMMA O O O O COMMA O O COMMA O COMMA COMMA COMMA O O COMMA O O O O O O O O O O O O O COMMA O O O O O COMMA COMMA COMMA O O COMMA O O PERIOD O O O O O O O O O O O O O O O PERIOD O O O O O O O O O O O O O O COMMA O O O O O COMMA O O O O O O PERIOD O O O O O O O PERIOD,,
test_002863,test,"Nên nội soi kiểm tra lại sau khoảng 1-3 năm tùy vào yếu tố nguy cơ do bác sĩ điều trị đánh giá bạn nhé. Thân mến. Chào bác sĩ. Mẹ tôi năm nay 84 tuổi, bị hẹp đĩa đệm l5-s1. Mẹ tôi bị đau đĩa đệm 15 ngày uống thuốc không đỡ. Mong bác sĩ tư vấn người cao tuổi bị hẹp đĩa đệm uống thuốc không khỏi phải làm sao? Tôi xin chân thành cảm ơn. Chào chú. Không biết mẹ chú bị hẹp đĩa đệm nặng hay nhẹ. Nếu người cao tuổi bị hẹp đĩa đệm uống thuốc không khỏi thông thường không được chỉ định phẫu thuật thì sẽ tiêm thấm corticoid ngoài màng cứng. Chú nên đưa mẹ đến có sở y tế uy tín hoặc một trong các bệnh viện thuộc hệ thống y tế vinmec để được thăm khám.",nên nội soi kiểm tra lại sau khoảng 1-3 năm tùy vào yếu tố nguy cơ do bác sĩ điều trị đánh giá bạn nhé thân mến chào bác sĩ mẹ tôi năm nay 84 tuổi bị hẹp đĩa đệm l5-s1 mẹ tôi bị đau đĩa đệm 15 ngày uống thuốc không đỡ mong bác sĩ tư vấn người cao tuổi bị hẹp đĩa đệm uống thuốc không khỏi phải làm sao tôi xin chân thành cảm ơn chào chú không biết mẹ chú bị hẹp đĩa đệm nặng hay nhẹ nếu người cao tuổi bị hẹp đĩa đệm uống thuốc không khỏi thông thường không được chỉ định phẫu thuật thì sẽ tiêm thấm corticoid ngoài màng cứng chú nên đưa mẹ đến có sở y tế uy tín hoặc một trong các bệnh viện thuộc hệ thống y tế vinmec để được thăm khám,O O O O O O O O O O O O O O O O O O O O O O O O PERIOD O PERIOD O O PERIOD O O O O O COMMA O O O O PERIOD O O O O O O O O O O O PERIOD O O O O O O O O O O O O O O O O O O QUESTION O O O O O PERIOD O PERIOD O O O O O O O O O O PERIOD O O O O O O O O O O O O O O O O O O O O O O O O O O O PERIOD O O O O O O O O O O O O O O O O O O O O O O O O O O PERIOD,,
test_005586,test,"Trong thời gian chờ lành xương, bệnh nhân nên kiêng xách vật nặng vì xương đòn là phần nối giữa toàn bộ thân người và tay, khi xách vật nặng sẽ kéo phần vai xuống, dễ di lệch chỗ gãy hơn. Ngoài ra, về gãy xương đòn, ít để lại di chứng nên không bắt buộc bệnh nhân phải tập vật lý trị liệu. Chủ yếu bệnh nhân nên tập khớp vai, tránh bị cứng khớp vai do lâu ngày không cử động. Vì vậy, các bác sĩ thường khuyên bệnh nhân nên vận động trễ hơn, sau phẫu thuật từ 2-3 tháng khi có dấu hiệu của can xương. Thân mến. Dạ, xin chào bác sĩ. Mẹ em năm nay 55 tuổi có triệu chứng đau đầu căng cơ. Xin hỏi bác sĩ có nguy hiểm không và nên dùng thuốc gì để điều trị ạ?",trong thời gian chờ lành xương bệnh nhân nên kiêng xách vật nặng vì xương đòn là phần nối giữa toàn bộ thân người và tay khi xách vật nặng sẽ kéo phần vai xuống dễ di lệch chỗ gãy hơn ngoài ra về gãy xương đòn ít để lại di chứng nên không bắt buộc bệnh nhân phải tập vật lý trị liệu chủ yếu bệnh nhân nên tập khớp vai tránh bị cứng khớp vai do lâu ngày không cử động vì vậy các bác sĩ thường khuyên bệnh nhân nên vận động trễ hơn sau phẫu thuật từ 2-3 tháng khi có dấu hiệu của can xương thân mến dạ xin chào bác sĩ mẹ em năm nay 55 tuổi có triệu chứng đau đầu căng cơ xin hỏi bác sĩ có nguy hiểm không và nên dùng thuốc gì để điều trị ạ,O O O O O COMMA O O O O O O O O O O O O O O O O O O O COMMA O O O O O O O O COMMA O O O O O PERIOD O COMMA O O O COMMA O O O O O O O O O O O O O O O O PERIOD O O O O O O O COMMA O O O O O O O O O O PERIOD O COMMA O O O O O O O O O O O COMMA O O O O O O O O O O O O PERIOD O PERIOD COMMA O O O PERIOD O O O O O O O O O O O O PERIOD O O O O O O O O O O O O O O O O QUESTION,,
test_006137,test,"Việc quan sát nước ối trước đây hay sử dụng như kính soi qua cổ tử cung mở, hoặc có thể soi màu sắc nước ối. Khi chuyển dạ có tình trạng tia ối hoặc rỉ ối cũng có thể biết màu sắc nước ối để đánh giá tình trạng thai nhi. Thân mến. Chào bác sĩ. Bé nhà em được 4 tuổi, răng cửa của cháu đã mòn vào gần lợi rồi. Bác sĩ cho em hỏi có cần phải đi nhổ để răng vĩnh viễn mọc lên không ạ? Nếu không phải nhổ thì răng vĩnh viễn có mọc lệch không ạ? Cảm ơn bác sĩ. Chào bạn. Theo như bạn mô tả thì rất có thể bé bị sún răng cửa. Nếu răng sún không có hiện tượng đau sưng thì không cần nhổ, chỉ cần vệ sinh sạch sẽ.",việc quan sát nước ối trước đây hay sử dụng như kính soi qua cổ tử cung mở hoặc có thể soi màu sắc nước ối khi chuyển dạ có tình trạng tia ối hoặc rỉ ối cũng có thể biết màu sắc nước ối để đánh giá tình trạng thai nhi thân mến chào bác sĩ bé nhà em được 4 tuổi răng cửa của cháu đã mòn vào gần lợi rồi bác sĩ cho em hỏi có cần phải đi nhổ để răng vĩnh viễn mọc lên không ạ nếu không phải nhổ thì răng vĩnh viễn có mọc lệch không ạ cảm ơn bác sĩ chào bạn theo như bạn mô tả thì rất có thể bé bị sún răng cửa nếu răng sún không có hiện tượng đau sưng thì không cần nhổ chỉ cần vệ sinh sạch sẽ,O O O O O O O O O O O O O O O O O COMMA O O O O O O O PERIOD O O O O O O O O O O O O O O O O O O O O O O O O O PERIOD O PERIOD O O PERIOD O O O O O COMMA O O O O O O O O O PERIOD O O O O O O O O O O O O O O O O O QUESTION O O O O O O O O O O O O QUESTION O O O PERIOD O PERIOD O O O O O O O O O O O O O PERIOD O O O O O O O O O O O O COMMA O O O O O PERIOD,,
test_006850,test,"Chào bs, tôi năm nay 24 tuổi, bị gãy xương chày và xương mác, bs đã mổ nẹp xương chày nhưng do chụp xquang không kỹ nên tới hôm nay 2 tháng sau ngày mổ kiểm tra lại thì còn 1 xương mác bị gãy chéo. Vậy trong trường hợp này tôi phải làm sao, mong bs tư vấn giúp. Chào bạn, xương mác là một xương dài, ở ngoài cẳng chân, mảnh khảnh, là một xương phụ vì thế người ta có thể lấy bỏ 2/3 trên xương mác cũng không ảnh hưởng đến chức năng của chi dưới. Xương mác rất dễ liền xương vì thế khi gãy cả 2 xương cẳng chân, xương mác thường liền xương trước và sự liền xương này lại cản trở đến sự liền xương của xương chày.",chào bs tôi năm nay 24 tuổi bị gãy xương chày và xương mác bs đã mổ nẹp xương chày nhưng do chụp xquang không kỹ nên tới hôm nay 2 tháng sau ngày mổ kiểm tra lại thì còn 1 xương mác bị gãy chéo vậy trong trường hợp này tôi phải làm sao mong bs tư vấn giúp chào bạn xương mác là một xương dài ở ngoài cẳng chân mảnh khảnh là một xương phụ vì thế người ta có thể lấy bỏ 2/3 trên xương mác cũng không ảnh hưởng đến chức năng của chi dưới xương mác rất dễ liền xương vì thế khi gãy cả 2 xương cẳng chân xương mác thường liền xương trước và sự liền xương này lại cản trở đến sự liền xương của xương chày,O COMMA O O O O COMMA O O O O O O COMMA O O O O O O O O O O O O O O O O O O O O O O O O O O O O O O O PERIOD O O O O O O O O COMMA O O O O PERIOD O COMMA O O O O O COMMA O O O COMMA O COMMA O O O O O O O O O O O O O O O O O O O O O O O O O PERIOD O O O O O O O O O O O O O O COMMA O O O O O O O O O O O O O O O O O O O O PERIOD,,
test_006925,test,"-thư giãn tinh thần, hạn chế stress. -tuyệt đối không sử dụng rượu, cà phê, thuốc lá. -tạo không gian sạch sẽ, thoáng mát, hạn chế ánh sáng, tiếng ồn để có một giấc ngủ ngon, tránh những bất thường trong giấc ngủ. -nếu đang sử dụng thuốc mà tác dụng phụ của thuốc gây nghiến răng thì nên ngưng thuốc hoặc sử dụng các loại thuốc khác. Thân mến tôi bị dị ứng hải sản nhẹ thì có được tiêm ngừa vắc xin covid-19 không? Xin cảm ơn. Bạn thân mến, theo hướng dẫn sàng lọc trước tiêm chủng vắc xin phòng covid-19 của bộ y tế, những trường hợp có tiền sử dị ứng nặng phản vệ từ độ 2 trở lên do mọi nguyên nhân đều không được chỉ định tiêm vắc xin phòng covid-19.",-thư giãn tinh thần hạn chế stress -tuyệt đối không sử dụng rượu cà phê thuốc lá -tạo không gian sạch sẽ thoáng mát hạn chế ánh sáng tiếng ồn để có một giấc ngủ ngon tránh những bất thường trong giấc ngủ -nếu đang sử dụng thuốc mà tác dụng phụ của thuốc gây nghiến răng thì nên ngưng thuốc hoặc sử dụng các loại thuốc khác thân mến tôi bị dị ứng hải sản nhẹ thì có được tiêm ngừa vắc xin covid-19 không xin cảm ơn bạn thân mến theo hướng dẫn sàng lọc trước tiêm chủng vắc xin phòng covid-19 của bộ y tế những trường hợp có tiền sử dị ứng nặng phản vệ từ độ 2 trở lên do mọi nguyên nhân đều không được chỉ định tiêm vắc xin phòng covid-19,O O O COMMA O O PERIOD O O O O O COMMA O COMMA O PERIOD O O O O COMMA O COMMA O O O COMMA O O O O O O O COMMA O O O O O O PERIOD O O O O O O O O O O O O O O O O O O O O O O O O PERIOD O O O O O O O O O O O O O O O O O QUESTION O O PERIOD O O COMMA O O O O O O O O O O O O O O O COMMA O O O O O O O O O O O O O O O O O O O O O O O O O O O O O PERIOD,,
test_007297,test,"Cắt móng chân sẽ giúp ngăn ngừa tình trạng chín mé do mang giày quá chật chào em, tổn thương ở khóe móng của em được gọi là chín mé. Nguyên nhân thường do nhiễm trùng vùng khóe móng, do chăm sóc móng không đúng cách cắt khóe sâu, hoặc mang giày quá chật. Nếu chín mé làm mủ thì cần tới bệnh viện gần nơi ở để rạch thoát mủ, kết hợp dùng kháng sinh. Khi vết thương sưng đau nhiều, đáp ứng kém với điều trị thì cần chụp xquang để xác định tình trạng biến chứng của chín mé. Để phòng ngừa tái phát, khi cắt móng cần lưu ý không cắt quá sát vào da, không lấy khóe sâu, không cắt móng tròn, nên tránh mang giày quá chật và nên giữ cho chân khô thoáng tránh ẩm ướt, hóa chất em nhé.",cắt móng chân sẽ giúp ngăn ngừa tình trạng chín mé do mang giày quá chật chào em tổn thương ở khóe móng của em được gọi là chín mé nguyên nhân thường do nhiễm trùng vùng khóe móng do chăm sóc móng không đúng cách cắt khóe sâu hoặc mang giày quá chật nếu chín mé làm mủ thì cần tới bệnh viện gần nơi ở để rạch thoát mủ kết hợp dùng kháng sinh khi vết thương sưng đau nhiều đáp ứng kém với điều trị thì cần chụp xquang để xác định tình trạng biến chứng của chín mé để phòng ngừa tái phát khi cắt móng cần lưu ý không cắt quá sát vào da không lấy khóe sâu không cắt móng tròn nên tránh mang giày quá chật và nên giữ cho chân khô thoáng tránh ẩm ướt hóa chất em nhé,O O O O O O O O O O O O O O O O O COMMA O O O O O O O O O O O PERIOD O O O O O O O O COMMA O O O O O O O O O COMMA O O O O PERIOD O O O O O O O O O O O O O O O O COMMA O O O O PERIOD O O O O O COMMA O O O O O O O O O O O O O O O O O O O PERIOD O O O O COMMA O O O O O O O O O O O COMMA O O O COMMA O O O COMMA O O O O O O O O O O O O O O O COMMA O O O PERIOD,,
test_012143,test,"Con bị như thế này bao lâu rồi? Bị mấy tuần rồi ạ em chờ cho các nốt tự lặn nhưng mãi thấy không mất đi ở mặt con có bị không em? Gửi anh mặt con cho bs nữa nhé. Mặt bé như này ạ hiện tại thì mặt bé đã đỡ hơn trong hình nhưng vẫn còn bác sĩ như hiện tại bé rõ tình trạng viêm da và có thể nhiễm nấm da vùng cổ. Em đặt lịch khám trực tiếp với bs để bs hỏi kỹ hơn và tư vấn cho con nhé. Khám miễn phí em nhé. Dạ, em cám ơn bác sĩ năm 14 t. E có nổi một cục hạch ở xương quai hàm trái. Hạch to hơn hạt đậu một xíu, cứng và ko đau, có thể di chuyển.",con bị như thế này bao lâu rồi bị mấy tuần rồi ạ em chờ cho các nốt tự lặn nhưng mãi thấy không mất đi ở mặt con có bị không em gửi anh mặt con cho bs nữa nhé mặt bé như này ạ hiện tại thì mặt bé đã đỡ hơn trong hình nhưng vẫn còn bác sĩ như hiện tại bé rõ tình trạng viêm da và có thể nhiễm nấm da vùng cổ em đặt lịch khám trực tiếp với bs để bs hỏi kỹ hơn và tư vấn cho con nhé khám miễn phí em nhé dạ em cám ơn bác sĩ năm 14 t e có nổi một cục hạch ở xương quai hàm trái hạch to hơn hạt đậu một xíu cứng và ko đau có thể di chuyển,O O O O O O O QUESTION O O O O O O O O O O O O O O O O O O O O O O O O QUESTION O O O O O O O PERIOD O O O O O O O O O O O O O O O O O O O O O O O O O O O O O O O O O O O O PERIOD O O O O O O O O O O O O O O O O O O PERIOD O O O O PERIOD COMMA O O O O O O O PERIOD O O O O O O O O O O PERIOD O O O O O O COMMA O O O COMMA O O O PERIOD,,
test_012945,test,"Nếu bạn đã sinh rồi và tình trạng ổn định thì vẫn có thể tiêm mũi 2. Người ta khuyến cáo rằng khoảng cách giữa 2 mũi tiêm vắc xin pfizer là 3 tuần, nghĩa là thời gian tối thiểu là 3 tuần. Nếu vì một số lý do mà chúng ta tiêm mũi 2 quá thời gian 3 tuần thì vẫn không ảnh hưởng gì. Với vắc xin pfizer/moderna, chúng ta có thể trì hoãn mũi thứ 2 đến 6 tuần. Thân ái. Trích video chăm sóc phụ nữ mang thai trong bối cảnh covid-19 của bệnh viện từ dũ xin chào bác sĩ.",nếu bạn đã sinh rồi và tình trạng ổn định thì vẫn có thể tiêm mũi 2 người ta khuyến cáo rằng khoảng cách giữa 2 mũi tiêm vắc xin pfizer là 3 tuần nghĩa là thời gian tối thiểu là 3 tuần nếu vì một số lý do mà chúng ta tiêm mũi 2 quá thời gian 3 tuần thì vẫn không ảnh hưởng gì với vắc xin pfizer/moderna chúng ta có thể trì hoãn mũi thứ 2 đến 6 tuần thân ái trích video chăm sóc phụ nữ mang thai trong bối cảnh covid-19 của bệnh viện từ dũ xin chào bác sĩ,O O O O O O O O O O O O O O O O PERIOD O O O O O O O O O O O O O O O O COMMA O O O O O O O O PERIOD O O O O O O O O O O O O O O O O O O O O O O PERIOD O O O COMMA O O O O O O O O O O O PERIOD O PERIOD O O O O O O O O O O O O O O O O O O O O PERIOD,,
test_016718,test,"Khi bật nắp mài thấy trong rốn có 1 cục thịt nhỏ. Giữa rốn nhầy nhầy màu xanh ạ. Sau đó rốn gom gom khô từ từ. Em lo lắng không biết như vậy có bất thường gì k ạ. Mài rốn bé thì nghe có mùi hôi bạn tiếp tục vệ sinh rốn cho bé, nếu rốn ướt, đỏ, loét, rỉ máu, có mùi bất thường nên đưa bé đến khám bác sĩ sơ sinh. Dạ bác sĩ cho em hỏi, em bị gãy xương mâm chày 1 tháng rưỡi. Hiện tại thì sức khỏe của em rất tốt. Bác sĩ đã bảo em tập đi. Như vậy có quá sớm không ạ và có ảnh hưởng gì không ạ?",khi bật nắp mài thấy trong rốn có 1 cục thịt nhỏ giữa rốn nhầy nhầy màu xanh ạ sau đó rốn gom gom khô từ từ em lo lắng không biết như vậy có bất thường gì k ạ mài rốn bé thì nghe có mùi hôi bạn tiếp tục vệ sinh rốn cho bé nếu rốn ướt đỏ loét rỉ máu có mùi bất thường nên đưa bé đến khám bác sĩ sơ sinh dạ bác sĩ cho em hỏi em bị gãy xương mâm chày 1 tháng rưỡi hiện tại thì sức khỏe của em rất tốt bác sĩ đã bảo em tập đi như vậy có quá sớm không ạ và có ảnh hưởng gì không ạ,O O O O O O O O O O O PERIOD O O O O O O PERIOD O O O O O O O PERIOD O O O O O O O O O O O O PERIOD O O O O O O O O O O O O O O O COMMA O O COMMA COMMA COMMA O COMMA O O O O O O O O O O O O PERIOD O O O O O COMMA O O O O O O O O PERIOD O O O O O O O O PERIOD O O O O O O PERIOD O O O O O O O O O O O O O QUESTION,,
test_016992,test,"Tuy nhiên thường các nạn nhân bị mèo cào/cắn hay được khuyên đến khám bác sĩ là do nguy cơ mắc phải bệnh dại và nhiễm trùng vết thương. Bệnh dại từ chó mèo khi cắn lây sang người có thể gây tử vong. Thời gian ủ bệnh dại trung bình từ 10 ngày đến 2 năm sau khi bị nhiễm virus dại từ vết thương, hiếm khi thời gian ủ bệnh ngắn dưới 9 ngày hoặc dài tới một vài năm. Nếu em không theo dõi được con mèo để biết nó còn sống sau 15 ngày cào/cắn em hay không thì em cần phải tiêm ngừa dại, bởi vì vết thương lành rồi không đồng nghĩa là không nhiễm dại. Ngược lại, nếu nó vẫn còn sống sau 15 ngày đó thì em không có nguy cơ nhiễm dại và không cần tiêm phòng nữa. Thân mến.",tuy nhiên thường các nạn nhân bị mèo cào/cắn hay được khuyên đến khám bác sĩ là do nguy cơ mắc phải bệnh dại và nhiễm trùng vết thương bệnh dại từ chó mèo khi cắn lây sang người có thể gây tử vong thời gian ủ bệnh dại trung bình từ 10 ngày đến 2 năm sau khi bị nhiễm virus dại từ vết thương hiếm khi thời gian ủ bệnh ngắn dưới 9 ngày hoặc dài tới một vài năm nếu em không theo dõi được con mèo để biết nó còn sống sau 15 ngày cào/cắn em hay không thì em cần phải tiêm ngừa dại bởi vì vết thương lành rồi không đồng nghĩa là không nhiễm dại ngược lại nếu nó vẫn còn sống sau 15 ngày đó thì em không có nguy cơ nhiễm dại và không cần tiêm phòng nữa thân mến,O O O O O O O O O O O O O O O O O O O O O O O O O O O O PERIOD O O O O O O O O O O O O O O PERIOD O O O O O O O O O O O O O O O O O O O O O COMMA O O O O O O O O O O O O O O O PERIOD O O O O O O O O O O O O O O O O O O O O O O O O O O COMMA O O O O O O O O O O O O PERIOD O COMMA O O O O O O O O O O O O O O O O O O O O O O PERIOD O PERIOD,,
test_017352,test,Dạ đây là đơn thuốc của bác sĩ kê cho em ạ chị đặt khám online để bác sĩ gọi video call khám và tư vấn điều trị cho chị nhé e có đi bệnh viện khám bác sĩ cho đơn này mà ghi không rõ. Về nhà e mới để ý nhờ bác sĩ xem giùm e là mấy viên bên dưowiz 234 uống trước hay sau ăn ạ e cảm ơn chào em thuốc số 2 em uống trước và sau ăn đều được. Còn thuốc số 34 nên uống trước ăn em nhé. Dạ cho e hỏi thêm câu nữa là nếu bị tụt canxi thì uống canxi chung vời thuốc này được ko a. Triệu chứng kiểu mệt mỏi hơi nặng đầu choáng váng với hơi tê tay ấy a.,dạ đây là đơn thuốc của bác sĩ kê cho em ạ chị đặt khám online để bác sĩ gọi video call khám và tư vấn điều trị cho chị nhé e có đi bệnh viện khám bác sĩ cho đơn này mà ghi không rõ về nhà e mới để ý nhờ bác sĩ xem giùm e là mấy viên bên dưowiz 234 uống trước hay sau ăn ạ e cảm ơn chào em thuốc số 2 em uống trước và sau ăn đều được còn thuốc số 34 nên uống trước ăn em nhé dạ cho e hỏi thêm câu nữa là nếu bị tụt canxi thì uống canxi chung vời thuốc này được ko a triệu chứng kiểu mệt mỏi hơi nặng đầu choáng váng với hơi tê tay ấy a,O O O O O O O O O O O O O O O O O O O O O O O O O O O O O O O O O O O O O O O O O O O O O PERIOD O O O O O O O O O O O O O O O O O O O O O O O O O O O O O O O O O O O O O O O PERIOD O O O O O O O O O PERIOD O O O O O O O O O O O O O O O O O O O O O PERIOD O O O O O O O O O O O O O O O PERIOD,,
test_018134,test,"Đơn thuốc dùng được nhé q e uống thuốc thấy đỡ nhiềulâu lâu dẫn còn đánh trống ngực oke em e có cần hoan thời gian tiêm lại kkhi nào e khỏe hẳn mới tiêm lại tiêm được em, hiện tại nếu nhịp tim về chỉ số bt thì tiêm được em e tiêm mũi 2 r, e dẫn uống thuốc của e bình thường hả bs oke em cảm ơn bs bác sĩ oi cho e hỏi là e bị đau o bụng trái ngang rốn chỉ đau âm ỉ lúc nào mà vận động hoặc đi lại thì mới đau nhiều ạbác sĩ cho e hỏi là e đag bị đau gì ạ chào em, bụng có rất nhiều cơ quan do đó khi đau bụng có rất nhiều nguyên nhân.",đơn thuốc dùng được nhé q e uống thuốc thấy đỡ nhiềulâu lâu dẫn còn đánh trống ngực oke em e có cần hoan thời gian tiêm lại kkhi nào e khỏe hẳn mới tiêm lại tiêm được em hiện tại nếu nhịp tim về chỉ số bt thì tiêm được em e tiêm mũi 2 r e dẫn uống thuốc của e bình thường hả bs oke em cảm ơn bs bác sĩ oi cho e hỏi là e bị đau o bụng trái ngang rốn chỉ đau âm ỉ lúc nào mà vận động hoặc đi lại thì mới đau nhiều ạbác sĩ cho e hỏi là e đag bị đau gì ạ chào em bụng có rất nhiều cơ quan do đó khi đau bụng có rất nhiều nguyên nhân,O O O O O O O O O O O O O O O O O O O O O O O O O O O O O O O O O O O O O O COMMA O O O O O O O O O O O O O O O O O COMMA O O O O O O O O O O O O O O O O O O O O O O O O O O O O O O O O O O O O O O O O O O O O O O O O O O O O O O O O O O O COMMA O O O O O O O O O O O O O O O PERIOD,,
test_018190,test,"Bạn nên đến khám ở bệnh viện mắt trung ương là nơi có trình độ chuyên môn cao nhất về bệnh mắt để được chẩn đoán và điều trị hiệu quả bệnh của bạn. Bác sĩ cho em hỏi 1 vấn đề là cách đây 4 hôm nhà em và các hộ trong xóm bị nước lũ tràn vào nhà, làm bịch kẹo bị dính nước lũ luôn, hôm nay con em thấy bịch kẹo đã khô và lấy ra ăn. Như vậy có khả năng nhiễm covid không a? Tại nhà em ở tphcm nơi đang bùng phát dịch bệnh nên em cảm thấy rất lo và hoang mang a. Em xin cảm ơn bác sĩ đã giải đáp giúp em chào bạn. Virus gây bệnh covid 19 chủ yếu lây qua đường hô hấp.",bạn nên đến khám ở bệnh viện mắt trung ương là nơi có trình độ chuyên môn cao nhất về bệnh mắt để được chẩn đoán và điều trị hiệu quả bệnh của bạn bác sĩ cho em hỏi 1 vấn đề là cách đây 4 hôm nhà em và các hộ trong xóm bị nước lũ tràn vào nhà làm bịch kẹo bị dính nước lũ luôn hôm nay con em thấy bịch kẹo đã khô và lấy ra ăn như vậy có khả năng nhiễm covid không a tại nhà em ở tphcm nơi đang bùng phát dịch bệnh nên em cảm thấy rất lo và hoang mang a em xin cảm ơn bác sĩ đã giải đáp giúp em chào bạn virus gây bệnh covid 19 chủ yếu lây qua đường hô hấp,O O O O O O O O O O O O O O O O O O O O O O O O O O O O O O O O O PERIOD O O O O O O O O O O O O O O O O O O O O O O O O O COMMA O O O O O O O COMMA O O O O O O O O O O O O PERIOD O O O O O O O O QUESTION O O O O O O O O O O O O O O O O O O O O PERIOD O O O O O O O O O O O O PERIOD O O O O O O O O O O O PERIOD,,
test_019065,test,"Nếu nôn ra máu nhiều, bạn cần đến khám lại bác sĩ chuyên khoa tiêu hóa để đánh giá đầy đủ tình trạng tái phát xuất huyết và tìm nguyên nhân điều trị cho bạn nhé. Chúc bạn sức khỏe. Chào bác sỹ, nhờ bác sỹ tư vấn giúp tôi _ tôi được tiêm vắc xin covid 19 mũi 1 astrazeneca vào ngày 10/8/2021. _ hiện tôi nhận được lịch tiêm mũi 2 vào ngày 30/9/2021. _ tôi phát hiện mình đã có thai trong tháng 9 này ngày kinh cuối của tôi là ngày 30/8/2021, vậy tính đến ngày 30/9/2021 thì thai nhi có thể đã được thụ tinh khoảng 15 ngày. Vậy tôi có nên tiêm vắc xin mũi 2 không vì lo ảnh hưởng cho thai nhi. Cảm ơn bác sỹ. Chào chị, chị để 12 tuần rồi tiêm chị nhé.",nếu nôn ra máu nhiều bạn cần đến khám lại bác sĩ chuyên khoa tiêu hóa để đánh giá đầy đủ tình trạng tái phát xuất huyết và tìm nguyên nhân điều trị cho bạn nhé chúc bạn sức khỏe chào bác sỹ nhờ bác sỹ tư vấn giúp tôi _ tôi được tiêm vắc xin covid 19 mũi 1 astrazeneca vào ngày 10/8/2021 _ hiện tôi nhận được lịch tiêm mũi 2 vào ngày 30/9/2021 _ tôi phát hiện mình đã có thai trong tháng 9 này ngày kinh cuối của tôi là ngày 30/8/2021 vậy tính đến ngày 30/9/2021 thì thai nhi có thể đã được thụ tinh khoảng 15 ngày vậy tôi có nên tiêm vắc xin mũi 2 không vì lo ảnh hưởng cho thai nhi cảm ơn bác sỹ chào chị chị để 12 tuần rồi tiêm chị nhé,O O O O COMMA O O O O O O O O O O O O O O O O O O O O O O O O O O O O O O PERIOD O O O PERIOD O O COMMA O O O O O O O O O O O O O O O O O O O O PERIOD O O O O O O O O O O O PERIOD O O O O O O O O O O O O O O O O O O O COMMA O O O O O O O O O O O O O O O O PERIOD O O O O O O O O O O O O O O O O PERIOD O O O PERIOD O COMMA O O O O O O O PERIOD,,
test_019708,test,"Tuy nhiên, hiện nay sỏi thận ngày càng lớn, bố cũng lớn tuổi. Em xin hỏi bác sĩ có cách chữa trị sỏi thận 8mm mà không cần mổ không? Em xin cảm ơn. Chào bạn. Về nội khoa, nếu muốn áp dụng cách chữa trị sỏi thận 8mm mà không cần mổ thì bố bạn cần uống nhiều nước 2-3 lít/ngày. Không ăn quá mặn hoặc quá ngọt vì sẽ khiến sỏi to ra. Ngoài ra, bố bạn có thể dùng nước thơm dứa ép để giúp bào mòn sỏi, và sử dụng thuốc điều trị sỏi thận bổ sung theo chỉ định của bác sĩ. Tuy nhiên, khi có chỉ định can thiệp ngoại khoa thì cần phải mổ.",tuy nhiên hiện nay sỏi thận ngày càng lớn bố cũng lớn tuổi em xin hỏi bác sĩ có cách chữa trị sỏi thận 8mm mà không cần mổ không em xin cảm ơn chào bạn về nội khoa nếu muốn áp dụng cách chữa trị sỏi thận 8mm mà không cần mổ thì bố bạn cần uống nhiều nước 2-3 lít/ngày không ăn quá mặn hoặc quá ngọt vì sẽ khiến sỏi to ra ngoài ra bố bạn có thể dùng nước thơm dứa ép để giúp bào mòn sỏi và sử dụng thuốc điều trị sỏi thận bổ sung theo chỉ định của bác sĩ tuy nhiên khi có chỉ định can thiệp ngoại khoa thì cần phải mổ,O COMMA O O O O O O COMMA O O O PERIOD O O O O O O O O O O O O O O O O QUESTION O O O PERIOD O PERIOD O O COMMA O O O O O O O O O O O O O O O O O O O O O O PERIOD O O O O O O O O O O O O PERIOD O COMMA O O O O O O O O O O O O O COMMA O O O O O O O O O O O O O O O PERIOD O COMMA O O O O O O O O O O O PERIOD,,
test_020271,test,"Khi trẻ sốt nhẹ 385 độ c hạ sốt bằng cách nới lỏng quần áo, mặc quần áo mỏng, lau ấm trán, cổ, nách, bẹn và cho trẻ uống nhiều nước. Trẻ sốt vừa và cao 385 độ c xử lý như trẻ sốt nhẹ, đồng thời cho trẻ uống thuốc hạ sốt paracetamol liều 10mg/kg cân nặng và khoảng cách giữa 2 lần uống thuốc ít nhất là 6 tiếng. Thân mến. Dạo gần đây e qh thì bị rát ở đầu dương vật ạ, bị mấy ngày nay r có ngày thì kh rát e tưởng hết ai dè hôm nay bị rát nữa ạ, kh b có sao kh ạ. Ngày 10/8 e test có bị covid và đã âm tính 26/8 có tiêm vacxin kh b nó có ảnh hưởng gì đến sinh dục kh ạ.",khi trẻ sốt nhẹ 385 độ c hạ sốt bằng cách nới lỏng quần áo mặc quần áo mỏng lau ấm trán cổ nách bẹn và cho trẻ uống nhiều nước trẻ sốt vừa và cao 385 độ c xử lý như trẻ sốt nhẹ đồng thời cho trẻ uống thuốc hạ sốt paracetamol liều 10mg/kg cân nặng và khoảng cách giữa 2 lần uống thuốc ít nhất là 6 tiếng thân mến dạo gần đây e qh thì bị rát ở đầu dương vật ạ bị mấy ngày nay r có ngày thì kh rát e tưởng hết ai dè hôm nay bị rát nữa ạ kh b có sao kh ạ ngày 10/8 e test có bị covid và đã âm tính 26/8 có tiêm vacxin kh b nó có ảnh hưởng gì đến sinh dục kh ạ,O O O O O O O O O O O O O O COMMA O O O COMMA O O COMMA COMMA COMMA O O O O O O PERIOD O O O O O O O O O O O O O COMMA O O O O O O O O O O O O O O O O O O O O O O O O O PERIOD O PERIOD O O O O O O O O O O O O COMMA O O O O O O O O O O O O O O O O O O O O COMMA O O O O O PERIOD O O O O O O O O O O O O O O O O O O O O O O O O O O PERIOD,,
test_020287,test,"Chào bạn, hsv herpes simplex virus là một loại vi rút gây bệnh mụn rộp ở người. Có 2 loại hsv-1 và hsv-2. Trong đó, hsv-1 gây những mụn nước ở da và niêm mạc miệng còn hsv-2 gây tổn thương ở cơ quan sinh dục. Hsv-1 thường lây qua tiếp xúc miệng trực tiếp với virus qua trầy xước, hoặc qua nước bọt. Hôn là hành động khiến bạn dễ bị lây nhiễm loại virus này, do đó, nhiều người đã nhiễm virus trong giai đoạn rất trẻ. Trong khi đó, hsv-2 thường chỉ lây qua quan hệ tình dục. Igg và igm là kháng thể do cơ thể tạo ra khi tiếp xúc với tác nhân gây bệnh, trong đó igm biểu hiện pha nhiễm cấp thường xuất hiện sau tối thiểu 5-7 ngày kể từ khi nhiễm trùng.",chào bạn hsv herpes simplex virus là một loại vi rút gây bệnh mụn rộp ở người có 2 loại hsv-1 và hsv-2 trong đó hsv-1 gây những mụn nước ở da và niêm mạc miệng còn hsv-2 gây tổn thương ở cơ quan sinh dục hsv-1 thường lây qua tiếp xúc miệng trực tiếp với virus qua trầy xước hoặc qua nước bọt hôn là hành động khiến bạn dễ bị lây nhiễm loại virus này do đó nhiều người đã nhiễm virus trong giai đoạn rất trẻ trong khi đó hsv-2 thường chỉ lây qua quan hệ tình dục igg và igm là kháng thể do cơ thể tạo ra khi tiếp xúc với tác nhân gây bệnh trong đó igm biểu hiện pha nhiễm cấp thường xuất hiện sau tối thiểu 5-7 ngày kể từ khi nhiễm trùng,O COMMA O O O O O O O O O O O O O O PERIOD O O O O O PERIOD O COMMA O O O O O O O O O O O O O O O O O O O O PERIOD O O O O O O O O O O O O O COMMA O O O PERIOD O O O O O O O O O O O O COMMA O COMMA O O O O O O O O O PERIOD O O COMMA O O O O O O O O PERIOD O O O O O O O O O O O O O O O O O O COMMA O O O O O O O O O O O O O O O O O O O O PERIOD,,
test_021049,test,"Cách đây 2 tháng do đau họng rồi bị tái viêm nên em có đi khám và được chẩn đoán viêm mũi xoang, viêm họng cấp. Hình ảnh nội soi cho thấy tăng sinh tổ chức hạt thành sau. Vậy có khả năng em bị ung thư vòm họng không ạ? Chào bạn, giai đoạn đầu của ung thư vòm họng triệu chứng thường không rõ ràng, dễ nhầm lẫn với các bệnh lý viêm mũi xoang mạn tính khác. Tình trạng khạc ra máu, ù tai hay nghẹt mũi cũng không hiếm gặp ở bệnh nhân viêm xoang mạn tính. Đặc biệt nếu bạn thường xuyên thức khuya, không giữ gìn sức khỏe thì viêm nhiễm sẽ tái phát nhiều lần gây khó chịu tăng dần.",cách đây 2 tháng do đau họng rồi bị tái viêm nên em có đi khám và được chẩn đoán viêm mũi xoang viêm họng cấp hình ảnh nội soi cho thấy tăng sinh tổ chức hạt thành sau vậy có khả năng em bị ung thư vòm họng không ạ chào bạn giai đoạn đầu của ung thư vòm họng triệu chứng thường không rõ ràng dễ nhầm lẫn với các bệnh lý viêm mũi xoang mạn tính khác tình trạng khạc ra máu ù tai hay nghẹt mũi cũng không hiếm gặp ở bệnh nhân viêm xoang mạn tính đặc biệt nếu bạn thường xuyên thức khuya không giữ gìn sức khỏe thì viêm nhiễm sẽ tái phát nhiều lần gây khó chịu tăng dần,O O O O O O O O O O O O O O O O O O O O O O COMMA O O PERIOD O O O O O O O O O O O O PERIOD O O O O O O O O O O O QUESTION O COMMA O O O O O O O O O O O O O COMMA O O O O O O O O O O O O PERIOD O O O O COMMA O O O O O O O O O O O O O O O PERIOD O O O O O O O COMMA O O O O O O O O O O O O O O O O O PERIOD,,
test_022382,test,"Ở tuổi của bạn, buồng trứng còn hoạt động tốt nên hiếm khi xảy ra vấn đề liên quan thiếu hụt nội tiết tố nữ, bạn nên khám chuyên khoa phụ khoa để tầm soát các vấn đề gây rối loạn kinh nguyệt khác vì có thể bắt nguồn từ bệnh lý mà thực phẩm chức năng như tố nữ khang sẽ không thể điều chỉnh được bạn nhé. Thân mến. Dạ cho em hỏi, vài hôm nay em có bị nhói bên ngực trái gần vùng xương ức, cảm giác nặng ngực và lâu lâu bị lan sang bên phải, thêm bị đau ngay bên hông sườn trái. Trước đó em có tập gập bụng và cardio tại nhà, và em hoàn toàn không bị khó thở gì ạ.",ở tuổi của bạn buồng trứng còn hoạt động tốt nên hiếm khi xảy ra vấn đề liên quan thiếu hụt nội tiết tố nữ bạn nên khám chuyên khoa phụ khoa để tầm soát các vấn đề gây rối loạn kinh nguyệt khác vì có thể bắt nguồn từ bệnh lý mà thực phẩm chức năng như tố nữ khang sẽ không thể điều chỉnh được bạn nhé thân mến dạ cho em hỏi vài hôm nay em có bị nhói bên ngực trái gần vùng xương ức cảm giác nặng ngực và lâu lâu bị lan sang bên phải thêm bị đau ngay bên hông sườn trái trước đó em có tập gập bụng và cardio tại nhà và em hoàn toàn không bị khó thở gì ạ,O O O COMMA O O O O O O O O O O O O O O O O O O O O COMMA O O O O O O O O O O O O O O O O O O O O O O O O O O O O O O O O O O O O O O O O O O O PERIOD O PERIOD O O O COMMA O O O O O O O O O O O O O COMMA O O O O O O O O O O O COMMA O O O O O O O PERIOD O O O O O O O O O O COMMA O O O O O O O O O PERIOD,,
train_000852,train,"Hsv có thể lây nhiễm do tiếp xúc với người bệnh như khi chơi thể thao gây va chạm, tiếp xúc tình dục, hôn, tiếp xúc của nhân viên y tế bị nhiễm vi rút, hoặc hsv trong cơ thể người bệnh lây nhiễm sang vùng da khác như tật cắn móng tay, mút tay làm lây nhiễm vi rút từ miệng. Kết quả kháng thể igg dương tính và igm âm tính cho thấy bạn đã bị nhiễm virus từ rất lâu trước đây, do virus không thể điều trị khỏi nên bạn có khả năgn lây bệnh cho người khác. Tuy nhiên, bạn cũng không nên quá lo lắng vì có tới 1/3 người trẻ dương tính với virus này, do lây lan qua nhiều con đường khác chứ không chỉ qua quan hệ tình dục bạn nhé. Thân mến. Chào bác sĩ ạ.",hsv có thể lây nhiễm do tiếp xúc với người bệnh như khi chơi thể thao gây va chạm tiếp xúc tình dục hôn tiếp xúc của nhân viên y tế bị nhiễm vi rút hoặc hsv trong cơ thể người bệnh lây nhiễm sang vùng da khác như tật cắn móng tay mút tay làm lây nhiễm vi rút từ miệng kết quả kháng thể igg dương tính và igm âm tính cho thấy bạn đã bị nhiễm virus từ rất lâu trước đây do virus không thể điều trị khỏi nên bạn có khả năgn lây bệnh cho người khác tuy nhiên bạn cũng không nên quá lo lắng vì có tới 1/3 người trẻ dương tính với virus này do lây lan qua nhiều con đường khác chứ không chỉ qua quan hệ tình dục bạn nhé thân mến chào bác sĩ ạ,O O O O O O O O O O O O O O O O O O COMMA O O O COMMA COMMA O O O O O O O O O O COMMA O O O O O O O O O O O O O O O O O COMMA O O O O O O O O PERIOD O O O O O O O O O O O O O O O O O O O O O O COMMA O O O O O O O O O O O O O O O O PERIOD O COMMA O O O O O O O O O O O O O O O O O COMMA O O O O O O O O O O O O O O O O O PERIOD O PERIOD O O O PERIOD,,
train_003279,train,"Nhưng em không gặp bác sĩ sau khi khám nên không hiểu lắm về kết quả. Nay em cứ đau tức vùng ngực và phía sau lưng, cảm giác buồn nôn. Kính mong bác sĩ tư vấn giúp em với ạ. Em xin cảm ơn bác sĩ. Đây là kết quả của em. Hôm lấy sinh khiết họ chụp kết quả gửi về cho em vì em ở vinh mà đi khám ở hà nội. Trong kết quả sinh khiết thì hp âm tính, nhưng bác sĩ bảo dương tính mới đúng, đánh nhầm em bị nhiễm mấy năm rồi ạ. Nhờ bác sĩ xem lại giúp em ạ. Kết quả do bạn đọc cung cấp chào bạn, những bệnh nhân có viêm dạ dày mạn, nhiều dị sản ruột có nguy cơ cao phát triển ung thư dạ dày hơn so với các bệnh nhân khác.",nhưng em không gặp bác sĩ sau khi khám nên không hiểu lắm về kết quả nay em cứ đau tức vùng ngực và phía sau lưng cảm giác buồn nôn kính mong bác sĩ tư vấn giúp em với ạ em xin cảm ơn bác sĩ đây là kết quả của em hôm lấy sinh khiết họ chụp kết quả gửi về cho em vì em ở vinh mà đi khám ở hà nội trong kết quả sinh khiết thì hp âm tính nhưng bác sĩ bảo dương tính mới đúng đánh nhầm em bị nhiễm mấy năm rồi ạ nhờ bác sĩ xem lại giúp em ạ kết quả do bạn đọc cung cấp chào bạn những bệnh nhân có viêm dạ dày mạn nhiều dị sản ruột có nguy cơ cao phát triển ung thư dạ dày hơn so với các bệnh nhân khác,O O O O O O O O O O O O O O O PERIOD O O O O O O O O O O COMMA O O O PERIOD O O O O O O O O O PERIOD O O O O O PERIOD O O O O O PERIOD O O O O O O O O O O O O O O O O O O O O O PERIOD O O O O O O O O COMMA O O O O O O O COMMA O O O O O O O O PERIOD O O O O O O O PERIOD O O O O O O O O COMMA O O O O O O O COMMA O O O O O O O O O O O O O O O O O O O O PERIOD,,
train_003479,train,"Nếu bị tiêu chảy nhẹ, bạn nên cho bé uống nước bù điện giải oresol đúng cách, nếu trẻ nôn, không uống được, hoặc uống ors đúng cách mà trẻ vẫn bị tiêu chảy mất nước thì cần truyền dịch. Dung dịch bù nước điện giải lactate ringer, natri clorua 09, bicarbonate natri 14. Trường hợp con bạn vừa nôn, sốt, đại tiện phân lỏng, cháu đã được uống ors nhưng trẻ không đỡ vì vậy bạn nên cho trẻ đến cơ sở y tế để khám và điều trị. Chào bác sĩ, lần thứ nhất em sinh thường. Tất cả đều tốt. Dòng họ không ai mắc bệnh di truyền. Các xét nghiệm bình thường. Còn lần 2 em siêu âm bánh nhau dày 7cm. Thai 32 tuần. Chỉ số ối 8. Cân nặng 1800g. Vậy có sao không bác sĩ?",nếu bị tiêu chảy nhẹ bạn nên cho bé uống nước bù điện giải oresol đúng cách nếu trẻ nôn không uống được hoặc uống ors đúng cách mà trẻ vẫn bị tiêu chảy mất nước thì cần truyền dịch dung dịch bù nước điện giải lactate ringer natri clorua 09 bicarbonate natri 14 trường hợp con bạn vừa nôn sốt đại tiện phân lỏng cháu đã được uống ors nhưng trẻ không đỡ vì vậy bạn nên cho trẻ đến cơ sở y tế để khám và điều trị chào bác sĩ lần thứ nhất em sinh thường tất cả đều tốt dòng họ không ai mắc bệnh di truyền các xét nghiệm bình thường còn lần 2 em siêu âm bánh nhau dày 7cm thai 32 tuần chỉ số ối 8 cân nặng 1800g vậy có sao không bác sĩ,O O O O COMMA O O O O O O O O O O O COMMA O O COMMA O O COMMA O O O O O O O O O O O O O O O O PERIOD O O O O O O O COMMA O O COMMA O O PERIOD O O O O O COMMA COMMA O O O COMMA O O O O O O O O O O O O O O O O O O O O O O O O PERIOD O O COMMA O O O O O PERIOD O O O PERIOD O O O O O O O PERIOD O O O O PERIOD O O O O O O O O O PERIOD O O PERIOD O O O PERIOD O O PERIOD O O O O O QUESTION,,
train_003906,train,"Mẹ nên tăng cường cho bé bú nhiều lần, đồng thời mẹ ăn những thực phẩm dễ tiêu, mát, ăn nhiều rau xanhngoài ra nên massage bụng cho bé hằng ngày bạn xoa bụng cho bé từ phải sang trái, từ dưới lên trên để chống táo bón, kích thích tuần hoàn và tiêu hóa của bé. Thân mến. 1 bên mắt của mình bị vết vàng trong lòng trắng. Các bs tư vấn giúp mình với. Xin cảm ơn ạ chào bạn. Vết sắc tố tày xuất hiện lâu chưa? Có tăbg kích thước theo thòei gian không? Ko tăng bs ạ. Xuất hiện lâu rồi ạ đây là một mảng thay đổi sắc tổ ở kết mạc nhãn cầu thôi bạn. Thường lành tính. Bs oi. Bố e bị đau mắt cứ mở là đau lên đầu. Bố e bi tieu duong và xơ gan.",mẹ nên tăng cường cho bé bú nhiều lần đồng thời mẹ ăn những thực phẩm dễ tiêu mát ăn nhiều rau xanhngoài ra nên massage bụng cho bé hằng ngày bạn xoa bụng cho bé từ phải sang trái từ dưới lên trên để chống táo bón kích thích tuần hoàn và tiêu hóa của bé thân mến 1 bên mắt của mình bị vết vàng trong lòng trắng các bs tư vấn giúp mình với xin cảm ơn ạ chào bạn vết sắc tố tày xuất hiện lâu chưa có tăbg kích thước theo thòei gian không ko tăng bs ạ xuất hiện lâu rồi ạ đây là một mảng thay đổi sắc tổ ở kết mạc nhãn cầu thôi bạn thường lành tính bs oi bố e bị đau mắt cứ mở là đau lên đầu bố e bi tieu duong và xơ gan,O O O O O O O O COMMA O O O O O O O O COMMA COMMA O O O O O O O O O O O O O O O O O O O O COMMA O O O O O O O COMMA O O O O O O O O PERIOD O PERIOD O O O O O O O O O O PERIOD O O O O O O PERIOD O O O O O PERIOD O O O O O O O QUESTION O O O O O O O QUESTION O O O PERIOD O O O O O O O O O O O O O O O O O O O PERIOD O O PERIOD O PERIOD O O O O O O O O O O PERIOD O O O O O O O PERIOD,,
train_004166,train,"Nhờ bác sỹ xem giúp nổi cả tay, chân, lưng nổi cả ở mặt nữa ạ bé đã uống thuốc gì chưa? Bé chưa uống ạ.",nhờ bác sỹ xem giúp nổi cả tay chân lưng nổi cả ở mặt nữa ạ bé đã uống thuốc gì chưa bé chưa uống ạ,O O O O O O O COMMA COMMA O O O O O O O O O O O O QUESTION O O O PERIOD,,
train_004208,train,"Bạn uống thuốc này không ảnh hưởng đến chất lượng sữa đâu bạn nếu bạn vẫn đau đầu thì bạn có thể uống paracetamol như thuốc paradol bạn có uống cách nhau ít nhất 4h, mỗi lần 1 viên 500mg, ngày uống không quá 4g bạn nhé. Tránh quá liều thuốc gây ảnh hưởng em cảm ơn bác sĩ ạ bác sỉ cho e hỏie tim vecxin ngày 17/8hôm nay đc 3 ngàykhi tim về e không có phản ứng gì hếtnhưng lại đi vệ sinh nhiều lần trong ngàytừ 5 đến 7 làn 1 ngàybác sỉ cho hỏi như vậy có vấn đề gì không chào bạn. Ở đây bạn không nói rõ là loại vaccin gì. Bác sĩ đoán là bạn nhắc đến vaccin ngừa covid 19.",bạn uống thuốc này không ảnh hưởng đến chất lượng sữa đâu bạn nếu bạn vẫn đau đầu thì bạn có thể uống paracetamol như thuốc paradol bạn có uống cách nhau ít nhất 4h mỗi lần 1 viên 500mg ngày uống không quá 4g bạn nhé tránh quá liều thuốc gây ảnh hưởng em cảm ơn bác sĩ ạ bác sỉ cho e hỏie tim vecxin ngày 17/8hôm nay đc 3 ngàykhi tim về e không có phản ứng gì hếtnhưng lại đi vệ sinh nhiều lần trong ngàytừ 5 đến 7 làn 1 ngàybác sỉ cho hỏi như vậy có vấn đề gì không chào bạn ở đây bạn không nói rõ là loại vaccin gì bác sĩ đoán là bạn nhắc đến vaccin ngừa covid 19,O O O O O O O O O O O O O O O O O O O O O O O O O O O O O O O O O O COMMA O O O O COMMA O O O O O O PERIOD O O O O O O O O O O O O O O O O O O O O O O O O O O O O O O O O O O O O O O O O O O O O O O O O O O O O O O O O O O O O PERIOD O O O O O O O O O PERIOD O O O O O O O O O O PERIOD,,
train_005696,train,"Để tiêm vắc xin thì bạn phải có phiếu tiêm, có tên trong danh sách tiêm. Trường hợp bạn đã có phiếu tiêm và được yêu cầu đến bệnh viện tiêm thì bạn phải làm theo qui định về test covid của bệnh viện. Chào alobacsi, em phát hiện bị nhiễm virus gan b năm 15 tuổi năm nay em 26 tuổi và chưa điều trị lần nào do gia đình không có điều kiện. Gần đây, em bị đi tiêu chảy nhiều ngày, có lúc nổi từng vùng đỏ trên người. Xin bác sĩ cho biết, em cần làm các xét nghiệm nào để biết tình trạng bệnh nhiễm virus b để kịp thời điều trị. Cảm ơn các bs. Chào em, 1.",để tiêm vắc xin thì bạn phải có phiếu tiêm có tên trong danh sách tiêm trường hợp bạn đã có phiếu tiêm và được yêu cầu đến bệnh viện tiêm thì bạn phải làm theo qui định về test covid của bệnh viện chào alobacsi em phát hiện bị nhiễm virus gan b năm 15 tuổi năm nay em 26 tuổi và chưa điều trị lần nào do gia đình không có điều kiện gần đây em bị đi tiêu chảy nhiều ngày có lúc nổi từng vùng đỏ trên người xin bác sĩ cho biết em cần làm các xét nghiệm nào để biết tình trạng bệnh nhiễm virus b để kịp thời điều trị cảm ơn các bs chào em 1,O O O O O O O O O COMMA O O O O O PERIOD O O O O O O O O O O O O O O O O O O O O O O O O O O O PERIOD O COMMA O O O O O O O O O O O O O O O O O O O O O O O O O O O O PERIOD O COMMA O O O O O O COMMA O O O O O O O PERIOD O O O O COMMA O O O O O O O O O O O O O O O O O O O PERIOD O O O PERIOD O COMMA PERIOD,,
train_006007,train,"Những bảng trắc nghiệm đó chỉ là một trong những quy trình để chẩn đoán bệnh, những test đó chỉ hỗ trợ cho việc chẩn đoán không thể lấy bảng nào cho bệnh nhân tự test, sau khi thấy có những điểm đó rồi đưa ra chẩn đoán có trầm cảm hay không. Người bác sĩ phải khám trên lâm sàng, hỏi bệnh, quan sát, nhìn, sờ, hỏi, nghe gồm nhiều triệu chứng đưa vào trong triệu chứng và phải đầy đủ các triệu chứng trong hội chứng, thời gian xuất hiện triệu chứng đó bao lâu vào trong khung chẩn đoán, sau đó các bác sĩ chuyển qua bộ phận cận lâm sàng, tức là test tâm lý để so với triệu chứng đúng của bệnh chứ không phỉ làm test rồi mới xác định triệu chứng của bệnh hay không.",những bảng trắc nghiệm đó chỉ là một trong những quy trình để chẩn đoán bệnh những test đó chỉ hỗ trợ cho việc chẩn đoán không thể lấy bảng nào cho bệnh nhân tự test sau khi thấy có những điểm đó rồi đưa ra chẩn đoán có trầm cảm hay không người bác sĩ phải khám trên lâm sàng hỏi bệnh quan sát nhìn sờ hỏi nghe gồm nhiều triệu chứng đưa vào trong triệu chứng và phải đầy đủ các triệu chứng trong hội chứng thời gian xuất hiện triệu chứng đó bao lâu vào trong khung chẩn đoán sau đó các bác sĩ chuyển qua bộ phận cận lâm sàng tức là test tâm lý để so với triệu chứng đúng của bệnh chứ không phỉ làm test rồi mới xác định triệu chứng của bệnh hay không,O O O O O O O O O O O O O O O COMMA O O O O O O O O O O O O O O O O O O O COMMA O O O O O O O O O O O O O O O O PERIOD O O O O O O O COMMA O COMMA O COMMA COMMA COMMA COMMA O O O O O O O O O O O O O O O O O O O COMMA O O O O O O O O O O O O O COMMA O O O O O O O O O O O COMMA O O O O O O O O O O O O O O O O O O O O O O O O O O O PERIOD,,
train_007332,train,"Tôi không chắc có phải đang bị rào ngược dạ dày không? Mong bác sĩ chẩn đoán. Trẻ dưới 3 tháng tuổi quấy khóc có nhiều lý do, ví dụ bú chưa đủ, tã quấn chặt, đau bụng và giai đoạn này nhiều trẻ bị trớ do dạ dày và cơ thắt tâm vị đang phát triển. Ngoài ra một số bất thường hệ tiêu hóa cũng có triệu chứng nôn trớ hoặc dị ứng sữa để đánh giá bé bé trớ và quấy khóc do sinh lý hay bệnh lý gia đình nên cho bé khám chuyên khoa nội nhi xin chào bác sĩ, bs cho em hỏi. Em có thai được 20 tuần rồi. Mà bụng nhỏ xí so với các bạn mang thai cùng tháng. Từ hồi có bầu đến giờ chẳng tăng được ký nào. Em cao 1m53 nặng 43 kgem lo quá.",tôi không chắc có phải đang bị rào ngược dạ dày không mong bác sĩ chẩn đoán trẻ dưới 3 tháng tuổi quấy khóc có nhiều lý do ví dụ bú chưa đủ tã quấn chặt đau bụng và giai đoạn này nhiều trẻ bị trớ do dạ dày và cơ thắt tâm vị đang phát triển ngoài ra một số bất thường hệ tiêu hóa cũng có triệu chứng nôn trớ hoặc dị ứng sữa để đánh giá bé bé trớ và quấy khóc do sinh lý hay bệnh lý gia đình nên cho bé khám chuyên khoa nội nhi xin chào bác sĩ bs cho em hỏi em có thai được 20 tuần rồi mà bụng nhỏ xí so với các bạn mang thai cùng tháng từ hồi có bầu đến giờ chẳng tăng được ký nào em cao 1m53 nặng 43 kgem lo quá,O O O O O O O O O O O QUESTION O O O O PERIOD O O O O O O O O O O COMMA O O O O COMMA O O COMMA O O O O O O O O O O O O O O O O O O O O PERIOD O O O O O O O O O O O O O O O O O O O O O O O O O O O O O O O O O O O O O O O O O O O O O O O COMMA O O O PERIOD O O O O O O PERIOD O O O O O O O O O O O PERIOD O O O O O O O O O O PERIOD O O O O O O O PERIOD,,
train_008676,train,"Bác sĩ cho em hỏi sao em sét nhiêm vậy mà 7 phút đã song rồi ạ test nhanh thôi bạn, như test nhanh covid ấy, bạn lấy dịch cơ thể xong nhỏ dung môi vào là hiện kết quả luôn sau vài phút thôi. Dạ vậy em cảm ơn bác sĩ ạ chào bác sĩ. Cách đây 1 tuần cháu và bạn trai có quan hệ. Bạn trai cháu năm nay 26 tuổi có nói bị tiểu buốt và dắt 2 tuần nay. Cháu mới biết là cách đó 2 tuần bạn trai cháu có quan hệ không dùng bao với 1 người khác. Sau khi quan hệ với bạn trai cháu thì 2 ngày sau cháu thấy ngứa vùng kín và tiểu buốt nên đi khám.",bác sĩ cho em hỏi sao em sét nhiêm vậy mà 7 phút đã song rồi ạ test nhanh thôi bạn như test nhanh covid ấy bạn lấy dịch cơ thể xong nhỏ dung môi vào là hiện kết quả luôn sau vài phút thôi dạ vậy em cảm ơn bác sĩ ạ chào bác sĩ cách đây 1 tuần cháu và bạn trai có quan hệ bạn trai cháu năm nay 26 tuổi có nói bị tiểu buốt và dắt 2 tuần nay cháu mới biết là cách đó 2 tuần bạn trai cháu có quan hệ không dùng bao với 1 người khác sau khi quan hệ với bạn trai cháu thì 2 ngày sau cháu thấy ngứa vùng kín và tiểu buốt nên đi khám,O O O O O O O O O O O O O O O O O O O O COMMA O O O O COMMA O O O O O O O O O O O O O O O O O O PERIOD O O O O O O O O O O PERIOD O O O O O O O O O O PERIOD O O O O O O O O O O O O O O O O PERIOD O O O O O O O O O O O O O O O O O O O O PERIOD O O O O O O O O O O O O O O O O O O O O O O PERIOD,,
train_009117,train,"Ngoài ra, tình trạng khó đi vào giấc ngủ còn có thể do một số nguyên nhân như sử dụng các chất kích thích như trà, café trước đó, các yếu tố tâm lý căng thẳng, lo lắng, sợ hãi, xem ti vi nhiều trước lúc ngủ nếu như khám sức khỏe tổng quát trước đó bình thường, hạn chế các yếu tố gây khó ngủ đã nêu trên mà mẹ bạn vẫn khó đi vào giấc ngủ thì nên đưa mẹ tới khám chuyên khoa tâm thần kinh. Tại tphcm có thể tới bệnh viện tâm thần tphcm, phòng khám tâm thần kinh - bệnh viện nguyễn tri phương bạn nhé. Thân mến. Chào bác sĩ. Cháu nhà em hiện tại gần 1 tháng tuổi. Bé có bị nổi những nốt đỏ trên cổ, ngực, tay và 2 chân.",ngoài ra tình trạng khó đi vào giấc ngủ còn có thể do một số nguyên nhân như sử dụng các chất kích thích như trà café trước đó các yếu tố tâm lý căng thẳng lo lắng sợ hãi xem ti vi nhiều trước lúc ngủ nếu như khám sức khỏe tổng quát trước đó bình thường hạn chế các yếu tố gây khó ngủ đã nêu trên mà mẹ bạn vẫn khó đi vào giấc ngủ thì nên đưa mẹ tới khám chuyên khoa tâm thần kinh tại tphcm có thể tới bệnh viện tâm thần tphcm phòng khám tâm thần kinh - bệnh viện nguyễn tri phương bạn nhé thân mến chào bác sĩ cháu nhà em hiện tại gần 1 tháng tuổi bé có bị nổi những nốt đỏ trên cổ ngực tay và 2 chân,O COMMA O O O O O O O O O O O O O O O O O O O O O O O COMMA O O COMMA O O O O O O COMMA O COMMA O COMMA O O O O O O O O O O O O O O O O O COMMA O O O O O O O O O O O O O O O O O O O O O O O O O O O O O O PERIOD O O O O O O O O O COMMA O O O O O O O O O O O O PERIOD O PERIOD O O PERIOD O O O O O O O O PERIOD O O O O O O O O COMMA COMMA O O O PERIOD,,
train_009359,train,"Ti-rads-6 biết chắc chắn bướu ác tính trước đó. Như vậy, nhân giáp ở thùy trái tuyến giáp của em được đánh giá là tirads-3, tức là nhiều khả năng lành tính và có 17 nguy cơ ác tính, em nên gặp bác sĩ điều trị của mình, hoặc bác sĩ chuyên khoa nội tiết - bướu giáp để xem xét thêm các yếu tố khác chức năng tuyến giáp, độ tuổi, triệu chứng để quyết định có cần chọc hút tế bào bằng kim nhỏ fna nhân này hay không. Nhân giáp ti-rads 3 theo thời gian có thể tiến triển lên ti-rads 4, hoặc có thể đứng yên tại chỗ ti-rads 3, không đoán trước được. Đối với các nhân giáp nhỏ từ 1-2cm thì người bệnh chỉ cần theo dõi sức khỏe.",ti-rads-6 biết chắc chắn bướu ác tính trước đó như vậy nhân giáp ở thùy trái tuyến giáp của em được đánh giá là tirads-3 tức là nhiều khả năng lành tính và có 17 nguy cơ ác tính em nên gặp bác sĩ điều trị của mình hoặc bác sĩ chuyên khoa nội tiết - bướu giáp để xem xét thêm các yếu tố khác chức năng tuyến giáp độ tuổi triệu chứng để quyết định có cần chọc hút tế bào bằng kim nhỏ fna nhân này hay không nhân giáp ti-rads 3 theo thời gian có thể tiến triển lên ti-rads 4 hoặc có thể đứng yên tại chỗ ti-rads 3 không đoán trước được đối với các nhân giáp nhỏ từ 1-2cm thì người bệnh chỉ cần theo dõi sức khỏe,O O O O O O O O PERIOD O COMMA O O O O O O O O O O O O O COMMA O O O O O O O O O O O O O COMMA O O O O O O O O COMMA O O O O O O O O O O O O O O O O O O O O O COMMA O COMMA O O O O O O O O O O O O O O O O O O PERIOD O O O O O O O O O O O O O COMMA O O O O O O O O COMMA O O O PERIOD O O O O O O O O O O O O O O O O PERIOD,,
train_010329,train,"Em có search mạng thì người ta bảo là bị trào ngược axit, em có điều chỉnh ăn uống lại, ăn nhiêug rau và ăn ít lại thành nhiều bữa ăn. Nhưng mà bụng vẫn cứ đau râm râm, khó chịu, em còn khó đi nặng nữa. Không biết bác sĩ có loại thuốc nào để chữa căn bệnh này không ạ? Đây là thuốc mà lúc bị đau em sẽ uống ạ. Em cảm ơn bác sĩ ạ. Chào em chào bác sĩ ạ bác sĩ cho em hỏi em bị 2 tuần rồi thì có bị nặng hơn không ạ, tại em không thể đi khám được em bị lần đầu hay sao?",em có search mạng thì người ta bảo là bị trào ngược axit em có điều chỉnh ăn uống lại ăn nhiêug rau và ăn ít lại thành nhiều bữa ăn nhưng mà bụng vẫn cứ đau râm râm khó chịu em còn khó đi nặng nữa không biết bác sĩ có loại thuốc nào để chữa căn bệnh này không ạ đây là thuốc mà lúc bị đau em sẽ uống ạ em cảm ơn bác sĩ ạ chào em chào bác sĩ ạ bác sĩ cho em hỏi em bị 2 tuần rồi thì có bị nặng hơn không ạ tại em không thể đi khám được em bị lần đầu hay sao,O O O O O O O O O O O O COMMA O O O O O O COMMA O O O O O O O O O O PERIOD O O O O O O O COMMA O COMMA O O O O O PERIOD O O O O O O O O O O O O O O QUESTION O O O O O O O O O O PERIOD O O O O O PERIOD O O O O O O O O O O O O O O O O O O O O O O COMMA O O O O O O O O O O O O QUESTION,,
train_010459,train,"Theo ảnh chụp thì bạn đang bị rụng tóc ở đỉnh đầu. Do nang tóc bên dưới da đầu của rụng tóc hói ngày càng thu nhỏ nên dù bạn có cạo tóc cũng không giúp tóc ra dày và không rụng được. Vì thế bạn nên đến chuyên khoa da liễu để được điều trị theo tiêu chuẩn thuốc uống và thuốc bôi. Chúc bạn nhiều sức khỏe. Thân chào bạn. Hôm nay em uống nhầm thuốc đặt phụ khoa neometin, có sao không bác sĩ ơi? Mong bác sĩ cho lời khuyên ạ. Em cảm ơn. Chào bạn, hàm lượng và tá dược của thuốc neometin không phù hợp dùng đường uống và có thể gây hại. Các triệu chứng có thể gặp bao gồm buồn nôn, nôn, tê bì, run tay, nếu nặng có thể co giật.",theo ảnh chụp thì bạn đang bị rụng tóc ở đỉnh đầu do nang tóc bên dưới da đầu của rụng tóc hói ngày càng thu nhỏ nên dù bạn có cạo tóc cũng không giúp tóc ra dày và không rụng được vì thế bạn nên đến chuyên khoa da liễu để được điều trị theo tiêu chuẩn thuốc uống và thuốc bôi chúc bạn nhiều sức khỏe thân chào bạn hôm nay em uống nhầm thuốc đặt phụ khoa neometin có sao không bác sĩ ơi mong bác sĩ cho lời khuyên ạ em cảm ơn chào bạn hàm lượng và tá dược của thuốc neometin không phù hợp dùng đường uống và có thể gây hại các triệu chứng có thể gặp bao gồm buồn nôn nôn tê bì run tay nếu nặng có thể co giật,O O O O O O O O O O O PERIOD O O O O O O O O O O O O O O O O O O O O O O O O O O O O O O PERIOD O O O O O O O O O O O O O O O O O O O O PERIOD O O O O PERIOD O O PERIOD O O O O O O O O O COMMA O O O O O QUESTION O O O O O O PERIOD O O PERIOD O COMMA O O O O O O O O O O O O O O O O O O PERIOD O O O O O O O O O COMMA COMMA O COMMA O COMMA O O O O O PERIOD,,
train_011396,train,"Đối với bệnh viêm loét dạ dày, việc điều trị cần đúng thuốc, kết hợp với việc kiêng cữ phù hợp. Nếu dùng thuốc chưa đủ liều không kiêng cữ đúng mức thì bệnh sẽ tái phát nên bạn thấy không hết bệnh. Cách tốt nhất là bạn trở lại tái khám nơi bác sĩ đang điều trị cho bạn để được xem xét kỹ lại bệnh và dùng thuốc phù hợp. Nếu bạn muốn dùng thêm thuốc nam thì bác sĩ sẽ căn cứ vào tình trạng bệnh của bạn để chỉ định cho bạn dùng. Em bị tai nghe kém khoảng 1 năm rồi người khác nói nhỏ không nghe được nếu nghe được thì chỉ biết là âm thanh có phát ra nhưng không hiểu người ta nói gì nghe không rõ.",đối với bệnh viêm loét dạ dày việc điều trị cần đúng thuốc kết hợp với việc kiêng cữ phù hợp nếu dùng thuốc chưa đủ liều không kiêng cữ đúng mức thì bệnh sẽ tái phát nên bạn thấy không hết bệnh cách tốt nhất là bạn trở lại tái khám nơi bác sĩ đang điều trị cho bạn để được xem xét kỹ lại bệnh và dùng thuốc phù hợp nếu bạn muốn dùng thêm thuốc nam thì bác sĩ sẽ căn cứ vào tình trạng bệnh của bạn để chỉ định cho bạn dùng em bị tai nghe kém khoảng 1 năm rồi người khác nói nhỏ không nghe được nếu nghe được thì chỉ biết là âm thanh có phát ra nhưng không hiểu người ta nói gì nghe không rõ,O O O O O O COMMA O O O O O COMMA O O O O O O O PERIOD O O O O O O O O O O O O O O O O O O O O O PERIOD O O O O O O O O O O O O O O O O O O O O O O O O O O O O PERIOD O O O O O O O O O O O O O O O O O O O O O O O O PERIOD O O O O O O O O O O O O O O O O O O O O O O O O O O O O O O O O O O O O O PERIOD,,
train_012157,train,"Các nguyên nhân lành tính của xì hơi nhiều gồm viêm dạ dày, hội chứng ruột kích thích, loạn khuẩn ruột, nhiễm giun sán và phần lớn là do nguyên nhân từ thực phẩm ăn vào, gồm chế độ ăn nhiều tinh bột, khoai, đậu, mì gói, nước có gas, trứng, rượu, đường nhân tạo để giảm xì hơi, em nên khám chuyên khoa tiêu hóa để xác định nguyên nhân và điều trị thích hợp, điều chỉnh lại chế độ ăn, hạn chế ăn đồ chua cay, nước có gas, nhiều dầu mỡ, nhiều gia vị, café, bia rượu và các thực phẩm làm tăng tạo hơi đường ruột, có thể dùng thêm probio hay sữa chua mỗi ngày để bổ sung vi khuẩn đường ruột. Thân mến.",các nguyên nhân lành tính của xì hơi nhiều gồm viêm dạ dày hội chứng ruột kích thích loạn khuẩn ruột nhiễm giun sán và phần lớn là do nguyên nhân từ thực phẩm ăn vào gồm chế độ ăn nhiều tinh bột khoai đậu mì gói nước có gas trứng rượu đường nhân tạo để giảm xì hơi em nên khám chuyên khoa tiêu hóa để xác định nguyên nhân và điều trị thích hợp điều chỉnh lại chế độ ăn hạn chế ăn đồ chua cay nước có gas nhiều dầu mỡ nhiều gia vị café bia rượu và các thực phẩm làm tăng tạo hơi đường ruột có thể dùng thêm probio hay sữa chua mỗi ngày để bổ sung vi khuẩn đường ruột thân mến,O O O O O O O O O O O O COMMA O O O O COMMA O O COMMA O O O O O O O O O O O O O O COMMA O O O O O O COMMA COMMA COMMA O COMMA O O COMMA COMMA COMMA O O O O O O COMMA O O O O O O O O O O O O O O O O COMMA O O O O O COMMA O O O O O COMMA O O COMMA O O COMMA O O COMMA COMMA O O O O O O O O O O O COMMA O O O O O O O O O O O O O O O O PERIOD O PERIOD,,
train_012281,train,"Giờ mặt thâm thâm thì phải làm thế nào ạ? Chào em, cồn bsi có thể gây tình trạng viêm da do tiếp xúc, do đó có thể gây tăng sắc tố sau khi viêm. Hiện tại em nên tránh nắng và sử dụng thuốc thoa chống nắng, tình trạng tăng sắc tố này sẽ giảm dần theo thời gian. Bên cạnh đó em có thể thoa anzela cream hoặc effasun cream thoa từ 1-2 lần/ngày. Thân mến. Bac si cho e hoi e bi covic dang cach ly tai nha duoc 21 ngay roi e di tes ct-prc ket qua ct29 la con benh hay kg vay bac si chào bạn, kết quả này thể hiện bạn vẫn còn mắc covid-19 và với ct29, bạn vẫn có khả năng lây nhiễm cho người xung quanh.",giờ mặt thâm thâm thì phải làm thế nào ạ chào em cồn bsi có thể gây tình trạng viêm da do tiếp xúc do đó có thể gây tăng sắc tố sau khi viêm hiện tại em nên tránh nắng và sử dụng thuốc thoa chống nắng tình trạng tăng sắc tố này sẽ giảm dần theo thời gian bên cạnh đó em có thể thoa anzela cream hoặc effasun cream thoa từ 1-2 lần/ngày thân mến bac si cho e hoi e bi covic dang cach ly tai nha duoc 21 ngay roi e di tes ct-prc ket qua ct29 la con benh hay kg vay bac si chào bạn kết quả này thể hiện bạn vẫn còn mắc covid-19 và với ct29 bạn vẫn có khả năng lây nhiễm cho người xung quanh,O O O O O O O O O QUESTION O COMMA O O O O O O O O O O O COMMA O O O O O O O O O O PERIOD O O O O O O O O O O O O COMMA O O O O O O O O O O O PERIOD O O O O O O O O O O O O O O O PERIOD O PERIOD O O O O O O O O O O O O O O O O O O O O O O O O O O O O O O O O O COMMA O O O O O O O O O O O O COMMA O O O O O O O O O O PERIOD,,
train_012677,train,"Trong trường hợp nặng, cần đặt nẹp bột bất động khớp trong tư thế cơ năngnên chườm lạnh bên ngoài bằngnước đá hoặc nước lạnh trong 4 giờ đầu. Việc chườm đá làm dịu đau và co mạchngưng chảy máu, bớt phù nề. Và sau ngày thứ 2, nên ngâm chỗ bị bong gân trongnước ấm từ 3-4 lần trong ngàykê đầu chi bị bong gân lên cao khi nghỉ ngơi và nằm ngủ. Ngoài ra, có thể dùng thuốc giảm đau, tiện nhất là alaxan uống 1-2 viên/lần, 3 lần trong ngày. Không dùng aspirin vì thuốc này chống ngưng kết tiểu cầu, gây chảy máu. Em nên hạn chế đi lại. Chúc em mau lành bênh. Cho tôi hỏi viêm hang vị dạ dày mãn tính có thể chữa khỏi không ạ? Cảm ơn bác sĩ. Chào bạn.",trong trường hợp nặng cần đặt nẹp bột bất động khớp trong tư thế cơ năngnên chườm lạnh bên ngoài bằngnước đá hoặc nước lạnh trong 4 giờ đầu việc chườm đá làm dịu đau và co mạchngưng chảy máu bớt phù nề và sau ngày thứ 2 nên ngâm chỗ bị bong gân trongnước ấm từ 3-4 lần trong ngàykê đầu chi bị bong gân lên cao khi nghỉ ngơi và nằm ngủ ngoài ra có thể dùng thuốc giảm đau tiện nhất là alaxan uống 1-2 viên/lần 3 lần trong ngày không dùng aspirin vì thuốc này chống ngưng kết tiểu cầu gây chảy máu em nên hạn chế đi lại chúc em mau lành bênh cho tôi hỏi viêm hang vị dạ dày mãn tính có thể chữa khỏi không ạ cảm ơn bác sĩ chào bạn,O O O COMMA O O O O O O O O O O O O O O O O O O O O O O O O PERIOD O O O O O O O O O O COMMA O O PERIOD O O O O COMMA O O O O O O O O O O O O O O O O O O O O O O O O O PERIOD O COMMA O O O O O COMMA O O O O O O COMMA O O O PERIOD O O O O O O O O O O COMMA O O PERIOD O O O O O PERIOD O O O O PERIOD O O O O O O O O O O O O O O O QUESTION O O O PERIOD O PERIOD,,
train_013239,train,"Sau 45 ngày liệu thuốc còn ảnh hưởng không? Men gan của tôi cao gấp 18 lần trị số bình thường. Qua nghiên cứu mạng tôi thấy men gan cao đó là viêm gan cấp. Tôi đã xét nghiệm viêm gan c, b sau 11 tuần tiếp xúc âm tính. Xin hỏi bác sĩ men gan của tôi như vậy có thể do nguyên nhân gì? Xin vui lòng trả lời câu hỏi của tôi. Cảm ơn bác sĩ. Chào bạn, mặc dù men gan tăng khá cao nhưng chưa có dấu hiệu suy gan cấp nên xử trí chủ yếu là theo dõi và tìm nguyên nhân.",sau 45 ngày liệu thuốc còn ảnh hưởng không men gan của tôi cao gấp 18 lần trị số bình thường qua nghiên cứu mạng tôi thấy men gan cao đó là viêm gan cấp tôi đã xét nghiệm viêm gan c b sau 11 tuần tiếp xúc âm tính xin hỏi bác sĩ men gan của tôi như vậy có thể do nguyên nhân gì xin vui lòng trả lời câu hỏi của tôi cảm ơn bác sĩ chào bạn mặc dù men gan tăng khá cao nhưng chưa có dấu hiệu suy gan cấp nên xử trí chủ yếu là theo dõi và tìm nguyên nhân,O O O O O O O O QUESTION O O O O O O O O O O O PERIOD O O O O O O O O O O O O O PERIOD O O O O O O COMMA O O O O O O O PERIOD O O O O O O O O O O O O O O O QUESTION O O O O O O O O PERIOD O O O PERIOD O COMMA O O O O O O O O O O O O O O O O O O O O O O O O O O PERIOD,,
train_013397,train,"Tốt nhất, khi bị bệnh, cần đến khám chuyên khoa da liễu để bác sỹ kiểm tra tình trạng và đưa ra phác đồ điều trị hợp lý thân mến dạ thưa bác sĩ, em mới có kết quả mình dương tính với giun đũa chó là 82, cũng là lúc em biết mình mang thai 4 tuần. Bác sĩ cho em hỏi nếu em mang thai thì có dễ bị sảy thai hay không ạ? Em sẩy thai 2 lần rồi. Mong được bác sĩ tư vấn. Chào bạn, xét nghiệm máu dương tính với giun đũa chó không có nghĩa là bạn đang mắc bệnh. Nguyên nhân sẩy thai rất nhiều, nếu sẩy trên 2 lần thì cần khám tiền sản để tầm soát các nguyên nhân khác thường gặp hơn là giun đũa chó.",tốt nhất khi bị bệnh cần đến khám chuyên khoa da liễu để bác sỹ kiểm tra tình trạng và đưa ra phác đồ điều trị hợp lý thân mến dạ thưa bác sĩ em mới có kết quả mình dương tính với giun đũa chó là 82 cũng là lúc em biết mình mang thai 4 tuần bác sĩ cho em hỏi nếu em mang thai thì có dễ bị sảy thai hay không ạ em sẩy thai 2 lần rồi mong được bác sĩ tư vấn chào bạn xét nghiệm máu dương tính với giun đũa chó không có nghĩa là bạn đang mắc bệnh nguyên nhân sẩy thai rất nhiều nếu sẩy trên 2 lần thì cần khám tiền sản để tầm soát các nguyên nhân khác thường gặp hơn là giun đũa chó,O COMMA O O COMMA O O O O O O O O O O O O O O O O O O O O O O O O O O O O COMMA O O O O O O O O O O O O O COMMA O O O O O O O O O PERIOD O O O O O O O O O O O O O O O O O QUESTION O O O O O PERIOD O O O O O PERIOD O COMMA O O O O O O O O O O O O O O O O PERIOD O O O O O COMMA O O O O O O O O O O O O O O O O O O O O O O O PERIOD,,
train_013435,train,"Con có đi nội soi lại tại bệnh viện khác và kết quả nội soi là không vị nhiễm hp âm tính, sau đó con quay lại hỏi phía phòng khám họ trả lời xét nghiệm máu là có hp nhưng do con uống thuốc bên họ mấy ngày nay nên giờ hết con hp, cho nên khi đi nội soi không thấy được con hp đó nữa, xin bác sĩ tư vấn dùm con là phòng khám đó nói như vậy có chính xác không? Và để biết rõ con có nhiễm hp không thì nên tiến hành test các chỉ tiêu nào cho chính xác và nên tiến hành vào thời điểm nào, chân thành cảm ơn bác sĩ. Chào cháu.",con có đi nội soi lại tại bệnh viện khác và kết quả nội soi là không vị nhiễm hp âm tính sau đó con quay lại hỏi phía phòng khám họ trả lời xét nghiệm máu là có hp nhưng do con uống thuốc bên họ mấy ngày nay nên giờ hết con hp cho nên khi đi nội soi không thấy được con hp đó nữa xin bác sĩ tư vấn dùm con là phòng khám đó nói như vậy có chính xác không và để biết rõ con có nhiễm hp không thì nên tiến hành test các chỉ tiêu nào cho chính xác và nên tiến hành vào thời điểm nào chân thành cảm ơn bác sĩ chào cháu,O O O O O O O O O O O O O O O O O O O O O COMMA O O O O O O O O O O O O O O O O O O O O O O O O O O O O O O O O COMMA O O O O O O O O O O O O COMMA O O O O O O O O O O O O O O O O O QUESTION O O O O O O O O O O O O O O O O O O O O O O O O O O O O COMMA O O O O O PERIOD O PERIOD,,
train_014593,train,"Chào bác sỹ, tôi năm nay 43 tuổi bị tai biến mạch máu não cách đây 4 năm bị phình mạch máu não đã được chữa trị tương đối kịp thời mổ kẹp chỗ phình tại bệnh viện việt pháp, phục hồi chức năng 4 tháng tại bệnh viện y học cổ truyền tw, từ đó đến nay tôi thường xuyên được tiến sỹ- phó giáo sư bác sỹ nguyễn văn liễu phó khoa tk bv bạch mai kiểm tra và chữa trị định kỳ hàng tháng kết hợp bản thân tự tập luyện, nên hiện nay may mắn cho tôi chỉ còn liệt nhẹ một bên trái. Xin hỏi bác sỹ với trình trạng bệnh như của tôi được chữa trị và luyện tập thì có khả năng phục hồi sức khỏe lại như trước đây được nữa không?",chào bác sỹ tôi năm nay 43 tuổi bị tai biến mạch máu não cách đây 4 năm bị phình mạch máu não đã được chữa trị tương đối kịp thời mổ kẹp chỗ phình tại bệnh viện việt pháp phục hồi chức năng 4 tháng tại bệnh viện y học cổ truyền tw từ đó đến nay tôi thường xuyên được tiến sỹ- phó giáo sư bác sỹ nguyễn văn liễu phó khoa tk bv bạch mai kiểm tra và chữa trị định kỳ hàng tháng kết hợp bản thân tự tập luyện nên hiện nay may mắn cho tôi chỉ còn liệt nhẹ một bên trái xin hỏi bác sỹ với trình trạng bệnh như của tôi được chữa trị và luyện tập thì có khả năng phục hồi sức khỏe lại như trước đây được nữa không,O O COMMA O O O O O O O O O O O O O O O O O O O O O O O O O O O O O O O O O O O O COMMA O O O O O O O O O O O O O COMMA O O O O O O O O O O O O O O O O O O O O O O O O O O O O O O O O O O O O O O O COMMA O O O O O O O O O O O O O PERIOD O O O O O O O O O O O O O O O O O O O O O O O O O O O O O O O QUESTION,,
train_016362,train,"Ngoài ra, hiện tượng sưng ở chân còn có thể do nhiễm trùng, ứ trệ tuần hoàn tĩnh mạch nhưng ít khi gây ra dấu hiệu bầm tím lan rộng. Thân mến. Em muốn hỏi về kết hợp tiêm 2 loại vắc xin covid có được ko ạ. Moderna và astra ạ chào bạn dạ chào bác sĩ ạ mẹ em tiêm mũi 1 moderna, tiêm mũi 2 astrazeneca. Nhưng e tìm trên mạng thì ko thấy có kết hợp như vậy ạ. Kết hợp vậy có hiệu quả ko ạ bộ y tế cho phép tiêm mũi 1 là moderna, mũi 2 là pfizer hoặc morderna. Vậy là mẹ em đã được tiêm sai thuốc. Có ảnh hưởng xấu gì hết sức khỏe hay hiệu quả của thuốc ko ạ hiện nay chưa có nghiên cứu rõ về việc phối hợp hai vaccine như thế này.",ngoài ra hiện tượng sưng ở chân còn có thể do nhiễm trùng ứ trệ tuần hoàn tĩnh mạch nhưng ít khi gây ra dấu hiệu bầm tím lan rộng thân mến em muốn hỏi về kết hợp tiêm 2 loại vắc xin covid có được ko ạ moderna và astra ạ chào bạn dạ chào bác sĩ ạ mẹ em tiêm mũi 1 moderna tiêm mũi 2 astrazeneca nhưng e tìm trên mạng thì ko thấy có kết hợp như vậy ạ kết hợp vậy có hiệu quả ko ạ bộ y tế cho phép tiêm mũi 1 là moderna mũi 2 là pfizer hoặc morderna vậy là mẹ em đã được tiêm sai thuốc có ảnh hưởng xấu gì hết sức khỏe hay hiệu quả của thuốc ko ạ hiện nay chưa có nghiên cứu rõ về việc phối hợp hai vaccine như thế này,O COMMA O O O O O O O O O O COMMA O O O O O O O O O O O O O O O O PERIOD O PERIOD O O O O O O O O O O O O O O O PERIOD O O O O O O O O O O O O O O O O COMMA O O O PERIOD O O O O O O O O O O O O O PERIOD O O O O O O O O O O O O O O O O O COMMA O O O O O PERIOD O O O O O O O O PERIOD O O O O O O O O O O O O O O O O O O O O O O O O O O O O O O PERIOD,,
train_018290,train,"Tuyến lệ, đặt silicon đã 7 tháng.",tuyến lệ đặt silicon đã 7 tháng,O COMMA O O O O PERIOD,,
train_018302,train,"Thân mến. Em chào bác sĩ. Vợ em đang mang thai tháng thứ 6, dạo này vợ em ngủ hay bị chập chờn, giấc ngủ không sâu và chất lượng. Hỏi bác sĩ vợ em có bệnh gì không ạ và làm sao để cải thiện được giấc ngủ. Em cảm ơn bác sĩ.",thân mến em chào bác sĩ vợ em đang mang thai tháng thứ 6 dạo này vợ em ngủ hay bị chập chờn giấc ngủ không sâu và chất lượng hỏi bác sĩ vợ em có bệnh gì không ạ và làm sao để cải thiện được giấc ngủ em cảm ơn bác sĩ,O PERIOD O O O PERIOD O O O O O O O COMMA O O O O O O O O COMMA O O O O O O PERIOD O O O O O O O O O O O O O O O O O O PERIOD O O O O PERIOD,,
train_018727,train,"Bé gái nhà hiện 22 tháng tuổi, bé hay bị táo bón, khó đi cầu, phân to, cứng đầu mềm đuôi, khi đi cầu hay có ít máu. Hiện mới đặt mua thuốc men az48 để bé uống. Xin bs tư vấn giúp cách điều trị, thuốc az48 uống tốt không. Cám ơn bs. Xin chào con bị táo bón lâu chưa ạ? Dạ. Từ nhỏ tới giờ. Lúc táo bón lúc không.",bé gái nhà hiện 22 tháng tuổi bé hay bị táo bón khó đi cầu phân to cứng đầu mềm đuôi khi đi cầu hay có ít máu hiện mới đặt mua thuốc men az48 để bé uống xin bs tư vấn giúp cách điều trị thuốc az48 uống tốt không cám ơn bs xin chào con bị táo bón lâu chưa ạ dạ từ nhỏ tới giờ lúc táo bón lúc không,O O O O O O COMMA O O O O COMMA O O COMMA O COMMA O O O COMMA O O O O O O PERIOD O O O O O O O O O PERIOD O O O O O O O COMMA O O O O PERIOD O O PERIOD O O O O O O O O QUESTION PERIOD O O O PERIOD O O O O PERIOD,,
train_020380,train,"Khi biến chứng đã xảy ra, đầu tiên là phải làm giảm các triệu chứng của biến chứng, ví dụ biến chứng thần kinh gây đau, bác sĩ sẽ điều trị các loại thuốc phù hợp, bảo vệ các sợi dây thần kinh, cải thiện các tình trạng tổn thương thần kinh đã có đồng thời dùng nhiều biện pháp làm giảm triệu chứng, chặn đứng sự tiến triển của biến chứng và giảm nhẹ dần các ảnh hưởng của biến chứng. Thân mến. Bác sĩ ơi mấy tháng nay em tới ngày đèn đỏ nhưng mà không ra máu kinh ra rỉ giọt rất ích, những tháng trước đó em ra máu kinh rất nhiều, không biết em có gặp phải vấn đề gì không ạ bác sĩ trả lời giúp em chào em, em có quan hệ không an toàn không? Kinh có đều không?",khi biến chứng đã xảy ra đầu tiên là phải làm giảm các triệu chứng của biến chứng ví dụ biến chứng thần kinh gây đau bác sĩ sẽ điều trị các loại thuốc phù hợp bảo vệ các sợi dây thần kinh cải thiện các tình trạng tổn thương thần kinh đã có đồng thời dùng nhiều biện pháp làm giảm triệu chứng chặn đứng sự tiến triển của biến chứng và giảm nhẹ dần các ảnh hưởng của biến chứng thân mến bác sĩ ơi mấy tháng nay em tới ngày đèn đỏ nhưng mà không ra máu kinh ra rỉ giọt rất ích những tháng trước đó em ra máu kinh rất nhiều không biết em có gặp phải vấn đề gì không ạ bác sĩ trả lời giúp em chào em em có quan hệ không an toàn không kinh có đều không,O O O O O COMMA O O O O O O O O O O O COMMA O O O O O O O COMMA O O O O O O O O O COMMA O O O O O O COMMA O O O O O O O O O O O O O O O O O O O O COMMA O O O O O O O O O O O O O O O O O PERIOD O PERIOD O O O O O O O O O O O O O O O O O O O O O COMMA O O O O O O O O O COMMA O O O O O O O O O O O O O O O O O O COMMA O O O O O O O QUESTION O O O QUESTION,,
train_020927,train,"Để cải thiện tình trạng hiện tại, em có thể tập hít sâu - nín thở - phồng má kèm nhai sinh gum liên tục trong ngày để mở ống vai vòi giúp thải nước ra. Nếu sau 3 ngày vẫn không cải thiện cảm giác tai vẫn còn nước, hoặc đau đầu kéo dài tăng lên, hay hành sốt, đau nhức tai thì sắp xếp đến bệnh viện tai mũi họng để soi tai và xử lý khẩn, em nhé. Thân mến. Bác cho tôi hỏi tôi bị ngứa một thời gian tuần nay lại bị ngứa lại. Bác tư vấn giúp dùm cho tôi nhé bác. Tôi cảm ơn bác chào chú chú bị ngứa ở đâu ạ? Hiện tại trên người có tổn thương gì không?",để cải thiện tình trạng hiện tại em có thể tập hít sâu - nín thở - phồng má kèm nhai sinh gum liên tục trong ngày để mở ống vai vòi giúp thải nước ra nếu sau 3 ngày vẫn không cải thiện cảm giác tai vẫn còn nước hoặc đau đầu kéo dài tăng lên hay hành sốt đau nhức tai thì sắp xếp đến bệnh viện tai mũi họng để soi tai và xử lý khẩn em nhé thân mến bác cho tôi hỏi tôi bị ngứa một thời gian tuần nay lại bị ngứa lại bác tư vấn giúp dùm cho tôi nhé bác tôi cảm ơn bác chào chú chú bị ngứa ở đâu ạ hiện tại trên người có tổn thương gì không,O O O O O O COMMA O O O O O O O O O O O O O O O O O O O O O O O O O O O O PERIOD O O O O O O O O O O O O O COMMA O O O O O O COMMA O O COMMA O O O O O O O O O O O O O O O O O O COMMA O PERIOD O PERIOD O O O O O O O O O O O O O O O PERIOD O O O O O O O O PERIOD O O O O O O O O O O O QUESTION O O O O O O O O QUESTION,,
train_021320,train,"Lưu ý một số điểm là đảm bảo giấc ngủ, tránh căng thẳng, ăn uống đầy đủ và không có kiêng khem gì đặc biệt. Về chế độ tập luyện anh nên đến chuyên khoa phục hồi chức năng, họ sẽ tư vấn cho anh các bài tập tiền đình phù hợp với triệu chứng và loại bệnh. Tuy nhiên, anh đã uống thuốc theo đơn mà vẫn không đỡ thì anh nên khám lại chuyên khoa thần kinh để xem tình trạng bệnh của anh chính xác là gì, các thuốc anh đã dùng là gì để có phương án điều trị phù hợp nhất. Nếu anh còn thắc mắc về hiện tượng chóng mặt, anh có thể đến bệnh viện thuộc hệ thống y tế vinmec để kiểm tra và tư vấn thêm. Cảm ơn anh đã tin tưởng và gửi câu hỏi đến vinmec.",lưu ý một số điểm là đảm bảo giấc ngủ tránh căng thẳng ăn uống đầy đủ và không có kiêng khem gì đặc biệt về chế độ tập luyện anh nên đến chuyên khoa phục hồi chức năng họ sẽ tư vấn cho anh các bài tập tiền đình phù hợp với triệu chứng và loại bệnh tuy nhiên anh đã uống thuốc theo đơn mà vẫn không đỡ thì anh nên khám lại chuyên khoa thần kinh để xem tình trạng bệnh của anh chính xác là gì các thuốc anh đã dùng là gì để có phương án điều trị phù hợp nhất nếu anh còn thắc mắc về hiện tượng chóng mặt anh có thể đến bệnh viện thuộc hệ thống y tế vinmec để kiểm tra và tư vấn thêm cảm ơn anh đã tin tưởng và gửi câu hỏi đến vinmec,O O O O O O O O O COMMA O O COMMA O O O O O O O O O O O PERIOD O O O O O O O O O O O O O COMMA O O O O O O O O O O O O O O O O O O PERIOD O COMMA O O O O O O O O O O O O O O O O O O O O O O O O O O O O O COMMA O O O O O O O O O O O O O O O PERIOD O O O O O O O O O COMMA O O O O O O O O O O O O O O O O O O PERIOD O O O O O O O O O O O PERIOD,,
train_021418,train,"Thưa bs, em bị block nhánh phải không hoàn toàn, hay tức ngực, tim đập nhanh, hồi hộp bs cho em cách điều trị như thế nào ạ? Em cảm ơn. Chào em, block nhánh là tình trạng trì hoãn hoặc gián đoạn đường dẫn truyền xung điện đi qua cơ tim để tạo nhịp tim. Sự trì hoãn hoặc gián đoạn có thể xảy ra trên đường dẫn truyền đi từ trái sang phải giữa hai thất của tim. Block nhánh thỉnh thoảng làm cho tim bơm máu không hiệu quả vào hệ thống tuần hoàn cơ thể. Nguyên nhân gây block nhánh phải không hoàn toàn có thể do bệnh tim bẩm sinh, bệnh tim thiếu máu cục bộ, tăng huyết áp và cũng có thể gặp ở người trẻ khỏe mạnh bình thường.",thưa bs em bị block nhánh phải không hoàn toàn hay tức ngực tim đập nhanh hồi hộp bs cho em cách điều trị như thế nào ạ em cảm ơn chào em block nhánh là tình trạng trì hoãn hoặc gián đoạn đường dẫn truyền xung điện đi qua cơ tim để tạo nhịp tim sự trì hoãn hoặc gián đoạn có thể xảy ra trên đường dẫn truyền đi từ trái sang phải giữa hai thất của tim block nhánh thỉnh thoảng làm cho tim bơm máu không hiệu quả vào hệ thống tuần hoàn cơ thể nguyên nhân gây block nhánh phải không hoàn toàn có thể do bệnh tim bẩm sinh bệnh tim thiếu máu cục bộ tăng huyết áp và cũng có thể gặp ở người trẻ khỏe mạnh bình thường,O COMMA O O O O O O O COMMA O O COMMA O O COMMA O O O O O O O O O O O QUESTION O O PERIOD O COMMA O O O O O O O O O O O O O O O O O O O O O O PERIOD O O O O O O O O O O O O O O O O O O O O O O O PERIOD O O O O O O O O O O O O O O O O O O PERIOD O O O O O O O O O O O O O O O COMMA O O O O O COMMA O O O O O O O O O O O O O O PERIOD,,
train_022432,train,"Diễn biến tăng chiều cao, cân nặng của em là hoàn toàn bình thường, không phải là tăng trưởng sớm, cũng chưa thấy dấu hiệu của thiếu hormone tăng trưởng. Chiều cao của con người phụ thuộc vào ba yếu tố chính gene di truyền, dinh dưỡng, nội tiết, môi trường và vận động. Trong số này, chỉ có yếu tố gene là không thể thay đổi, còn các yếu tố khác đều có thể tác động được. Chỉ định tiêm hormone tăng trưởng là hormone gh chỉ khi có bằng chứng rõ ràng về thiếu hụt hormone như các trường hợp bị bệnh lý suy tuyến yên, tổn thương xung quanh tuyến yên và vùng hạ đồi như chấn thương đầu nặng, u não hoặc nhiễm trùng dạng viêm màng não và viêm não, có giảm nồng độ hormone tăng trưởng gh.",diễn biến tăng chiều cao cân nặng của em là hoàn toàn bình thường không phải là tăng trưởng sớm cũng chưa thấy dấu hiệu của thiếu hormone tăng trưởng chiều cao của con người phụ thuộc vào ba yếu tố chính gene di truyền dinh dưỡng nội tiết môi trường và vận động trong số này chỉ có yếu tố gene là không thể thay đổi còn các yếu tố khác đều có thể tác động được chỉ định tiêm hormone tăng trưởng là hormone gh chỉ khi có bằng chứng rõ ràng về thiếu hụt hormone như các trường hợp bị bệnh lý suy tuyến yên tổn thương xung quanh tuyến yên và vùng hạ đồi như chấn thương đầu nặng u não hoặc nhiễm trùng dạng viêm màng não và viêm não có giảm nồng độ hormone tăng trưởng gh,O O O O COMMA O O O O O O O O COMMA O O O O O COMMA O O O O O O O O O PERIOD O O O O O O O O O O O O O O COMMA O COMMA O COMMA O O O O PERIOD O O COMMA O O O O O O O O O COMMA O O O O O O O O O O PERIOD O O O O O O O O O O O O O O O O O O O O O O O O O O O O O COMMA O O O O O O O O O O O O O O COMMA O O O O O O O O O O O COMMA O O O O O O O PERIOD,,
train_025204,train,"Bsckii thái thị hồng ánh em hay bi te tay thi dung thuoc gi tot bsi bao em voi tê tay và tê bì có thể là triệu chứng của nhiều bệnh với những nguyên nhân khác nhau tác động trên hệ cxk, thần kinh, mạch máudo đó tùy trường hợp và tùy loại bệnh lý sẽ có những biện pháp điều trị khác nhau. Để chẩn đoán và điều trị, ngoài việc khám lâm sàng, chúng tôi còn đề nghị bn thực hiện một số thăm dò cận lâm sàng, tùy định hướng chẩn đoán để tránh mất thời gian và tốn kém cho người bệnh xét nghiệm máu, điện cơ, xq, chụp cắt lớp điện toán, cộng hưởng từ.",bsckii thái thị hồng ánh em hay bi te tay thi dung thuoc gi tot bsi bao em voi tê tay và tê bì có thể là triệu chứng của nhiều bệnh với những nguyên nhân khác nhau tác động trên hệ cxk thần kinh mạch máudo đó tùy trường hợp và tùy loại bệnh lý sẽ có những biện pháp điều trị khác nhau để chẩn đoán và điều trị ngoài việc khám lâm sàng chúng tôi còn đề nghị bn thực hiện một số thăm dò cận lâm sàng tùy định hướng chẩn đoán để tránh mất thời gian và tốn kém cho người bệnh xét nghiệm máu điện cơ xq chụp cắt lớp điện toán cộng hưởng từ,O O O O O O O O O O O O O O O O O O O O O O O O O O O O O O O O O O O O O O O O O O COMMA O COMMA O O O O O O O O O O O O O O O O O O O PERIOD O O O O O COMMA O O O O COMMA O O O O O O O O O O O O O O COMMA O O O O O O O O O O O O O O O O O O COMMA O COMMA COMMA O O O O COMMA O O PERIOD,,
train_026063,train,"Dạ dày tuệ tĩnh là thực phẩm chức năng, không phải là thuốc nên chỉ có tác dụng hỗ trợ, không thể thay thế vai trò của các thuốc chữa bệnh. Do đó, bạn cần cân nhắc và tham khảo ý kiến bác sĩ điều trị trước khi quyết định dùng chung với thuốc trị viêm loét dạ dày bạn nhé. Thân mến. Thưa bác sĩ. Cháu năm nay 20 tuổi, khoảng 2 năm trước khớp hàm bên phải của cháu bị lệch nhưng cháu ko chữa trị gì cả để 1 thời gian là khỏi. Bây giờ lại đến lượt hàm trái. Cháu không há to miệng được, không ăn được đồ dai. Cháu có lên mạng xem cách nắn lại hàm có dùng thử. Nhưng khi nắn xong ngậm miệng lại là lại bị chệch khớp tiếp. Bây giờ cháu phải làm gì ạ. Cảm ơn bác sĩ.",dạ dày tuệ tĩnh là thực phẩm chức năng không phải là thuốc nên chỉ có tác dụng hỗ trợ không thể thay thế vai trò của các thuốc chữa bệnh do đó bạn cần cân nhắc và tham khảo ý kiến bác sĩ điều trị trước khi quyết định dùng chung với thuốc trị viêm loét dạ dày bạn nhé thân mến thưa bác sĩ cháu năm nay 20 tuổi khoảng 2 năm trước khớp hàm bên phải của cháu bị lệch nhưng cháu ko chữa trị gì cả để 1 thời gian là khỏi bây giờ lại đến lượt hàm trái cháu không há to miệng được không ăn được đồ dai cháu có lên mạng xem cách nắn lại hàm có dùng thử nhưng khi nắn xong ngậm miệng lại là lại bị chệch khớp tiếp bây giờ cháu phải làm gì ạ cảm ơn bác sĩ,O O O O O O O O COMMA O O O O O O O O O O COMMA O O O O O O O O O O PERIOD O COMMA O O O O O O O O O O O O O O O O O O O O O O O O O O O PERIOD O PERIOD O O PERIOD O O O O COMMA O O O O O O O O O O O O O O O O O O O O O O O O PERIOD O O O O O O PERIOD O O O O O COMMA O O O O PERIOD O O O O O O O O O O O PERIOD O O O O O O O O O O O O PERIOD O O O O O O PERIOD O O O PERIOD,,
train_027461,train,"Do đó em nên đi làm một thăm khám tổng quát trong đó có làm đông máu trước tiêm và cũng là sau sinh để xem sức khỏe em sao nhé và có thật sự đủ điều kiện tiêm không em nhé em bị đau lưng nhiều chào anh anh có bị đau lan xuống 2 chân ko? Chào bác sĩ. Cháu nhà em 3 tuổi, hiện tại đang có 1 lỗ to ở răng hàm màu theo răng không bị đen hay màu nâu và kẽ răng cửa bắt đầu có biểu hiện của sún răng. Bác sĩ có thể tư vấn cho em điều trị cho bé được không ạ? Cảm ơn bác sĩ. Chào bạn.",do đó em nên đi làm một thăm khám tổng quát trong đó có làm đông máu trước tiêm và cũng là sau sinh để xem sức khỏe em sao nhé và có thật sự đủ điều kiện tiêm không em nhé em bị đau lưng nhiều chào anh anh có bị đau lan xuống 2 chân ko chào bác sĩ cháu nhà em 3 tuổi hiện tại đang có 1 lỗ to ở răng hàm màu theo răng không bị đen hay màu nâu và kẽ răng cửa bắt đầu có biểu hiện của sún răng bác sĩ có thể tư vấn cho em điều trị cho bé được không ạ cảm ơn bác sĩ chào bạn,O O O O O O O O O O O O O O O O O O O O O O O O O O O O O O O O O O O O O O O O O O O O O O O O O O O O O O O O O QUESTION O O PERIOD O O O O COMMA O O O O O O O O O O O O O O O O O O O O O O O O O O O O O O PERIOD O O O O O O O O O O O O O O QUESTION O O O PERIOD O PERIOD,,
train_027654,train,"Khi vào đường tiêu hóa, men vi sinh sẽ cải thiện cân bằng của hệ tạp khuẩn ruột và mang lại lợi ích cho sức khỏe người dùng. Men vi sinh được chỉ định ở bệnh nhân điều trị kháng sinh kéo dài nhằm cải thiện hệ vi sinh đường ruột. Loạn khuẩn ruột ở trẻ có liên quan đến việc tăng nguy cơ bị nhiễm trùng, tăng viêm tại hàng rào miễn dịch tại đường ruột và có khả năng gây ra các bệnh dị ứng vào giai đoạn sau khi trẻ trưởng thành. Do đó việc bổ sung men vi sinh được chứng minh là có vai trò quan trọng trong việc cân bằng hệ khuẩn ruột và phòng ngừa nhiễm trùng cũng như các phản ứng viêm của cơ thể.",khi vào đường tiêu hóa men vi sinh sẽ cải thiện cân bằng của hệ tạp khuẩn ruột và mang lại lợi ích cho sức khỏe người dùng men vi sinh được chỉ định ở bệnh nhân điều trị kháng sinh kéo dài nhằm cải thiện hệ vi sinh đường ruột loạn khuẩn ruột ở trẻ có liên quan đến việc tăng nguy cơ bị nhiễm trùng tăng viêm tại hàng rào miễn dịch tại đường ruột và có khả năng gây ra các bệnh dị ứng vào giai đoạn sau khi trẻ trưởng thành do đó việc bổ sung men vi sinh được chứng minh là có vai trò quan trọng trong việc cân bằng hệ khuẩn ruột và phòng ngừa nhiễm trùng cũng như các phản ứng viêm của cơ thể,O O O O COMMA O O O O O O O O O O O O O O O O O O O O O O PERIOD O O O O O O O O O O O O O O O O O O O O O O PERIOD O O O O O O O O O O O O O O O COMMA O O O O O O O O O O O O O O O O O O O O O O O O O O O PERIOD O O O O O O O O O O O O O O O O O O O O O O O O O O O O O O O O O O O O O PERIOD,,
train_027870,train,"Dạ e chào bác sĩ e đã tiem 2m vacxin nhưng trên sổ sức khỏe điên tử chỉ cập nhật 1m mũi 1 e tiêm ngày 27/6 bên tiêm chủng k đưa giấy xác nhận thông tinh mũi 1 vào ngày đó cho e e có liên hê hỗ trợ mà k được bác sĩ hỗ trợ giúp e đe e cập nhật đủ 2m được đi làm trởi lại ạ chào bạn, trên sổ sức khỏe điện tử thường cập nhật muộn. Sau khi tiêm mũi 2 bạn có được cấp giấy chứng nhận hoàn thành không? Sau tiêm mũi 1 chỉ có giấy hẹn tiêm mũi 2 thôi chứ không có chứng nhận tiêm mũi 1 đâu bạn.",dạ e chào bác sĩ e đã tiem 2m vacxin nhưng trên sổ sức khỏe điên tử chỉ cập nhật 1m mũi 1 e tiêm ngày 27/6 bên tiêm chủng k đưa giấy xác nhận thông tinh mũi 1 vào ngày đó cho e e có liên hê hỗ trợ mà k được bác sĩ hỗ trợ giúp e đe e cập nhật đủ 2m được đi làm trởi lại ạ chào bạn trên sổ sức khỏe điện tử thường cập nhật muộn sau khi tiêm mũi 2 bạn có được cấp giấy chứng nhận hoàn thành không sau tiêm mũi 1 chỉ có giấy hẹn tiêm mũi 2 thôi chứ không có chứng nhận tiêm mũi 1 đâu bạn,O O O O O O O O O O O O O O O O O O O O O O O O O O O O O O O O O O O O O O O O O O O O O O O O O O O O O O O O O O O O O O O O O O O O O O O O COMMA O O O O O O O O O PERIOD O O O O O O O O O O O O O O QUESTION O O O O O O O O O O O O O O O O O O O O O PERIOD,,
train_028222,train,"Tuy nhiên bác sĩ cần biết rõ hơn những cơn gồng người của con diễn ra như thế nào? Hiện tượng táo bón của con là chức năng hay thực thể? Thời gian con điều trị viêm phổi thở máy tại viện nhi trung ương có gì bất lợi không? Để có thể đưa ra kết luận chính xác nhất thì bạn nên đưa con tới cơ sở y tế chuyên khoa gần nhất để được khám và tư vấn chính xác tình trạng của con nhé. Cám ơn bạn đã gửi câu hỏi đến hệ thống y tế vinmec. Trân trọng. Chào bác sĩ, năm nay con 14 tuổi con có vài vấn đề về răng miệng. Cái răng của con nó bị mẻ và nó còn nhọn nên nó cọ vào má gây sưng má nổi hột trong má.",tuy nhiên bác sĩ cần biết rõ hơn những cơn gồng người của con diễn ra như thế nào hiện tượng táo bón của con là chức năng hay thực thể thời gian con điều trị viêm phổi thở máy tại viện nhi trung ương có gì bất lợi không để có thể đưa ra kết luận chính xác nhất thì bạn nên đưa con tới cơ sở y tế chuyên khoa gần nhất để được khám và tư vấn chính xác tình trạng của con nhé cám ơn bạn đã gửi câu hỏi đến hệ thống y tế vinmec trân trọng chào bác sĩ năm nay con 14 tuổi con có vài vấn đề về răng miệng cái răng của con nó bị mẻ và nó còn nhọn nên nó cọ vào má gây sưng má nổi hột trong má,O O O O O O O O O O O O O O O O O O QUESTION O O O O O O O O O O O QUESTION O O O O O O O O O O O O O O O O O O QUESTION O O O O O O O O O O O O O O O O O O O O O O O O O O O O O O O O O O O O PERIOD O O O O O O O O O O O O PERIOD O PERIOD O O COMMA O O O O O O O O O O O O PERIOD O O O O O O O O O O O O O O O O O O O O O O PERIOD,,
train_028658,train,"Buổi sáng ngủ dậy còn có đờm, một bên tai ù đến nhức, đầu cứ đau âm ỉ không dứt. Tình trạng này của con cũng lâu lắm rồi. Vậy bác sĩ cho con hỏi ù tai, nuốt vướng liên tục là bệnh gì? Con cảm ơn bác sĩ. Chào bạn, với câu hỏi ù tai, nuốt vướng liên tục là bệnh gì, bác sĩ xin giải đáp như sau nuốt vướng ở cổ họng thường còn gọi là loạn cảm họng. Đa số không có nguyên nhân rõ ràng. Một số nguyên nhân có thể nghĩ đến như viêm họng mạn, viêm amidan, hội chứng trào ngược, bệnh lý tuyến giáp, viêm xoang sau, stress. Đa số không nguy hiểm. Nếu bạn kèm theo đau đầu, ù tai một bên thì cần phải nội soi tai mũi họng kiểm tra hệ thống vùng vòm họng, tai giữa.",buổi sáng ngủ dậy còn có đờm một bên tai ù đến nhức đầu cứ đau âm ỉ không dứt tình trạng này của con cũng lâu lắm rồi vậy bác sĩ cho con hỏi ù tai nuốt vướng liên tục là bệnh gì con cảm ơn bác sĩ chào bạn với câu hỏi ù tai nuốt vướng liên tục là bệnh gì bác sĩ xin giải đáp như sau nuốt vướng ở cổ họng thường còn gọi là loạn cảm họng đa số không có nguyên nhân rõ ràng một số nguyên nhân có thể nghĩ đến như viêm họng mạn viêm amidan hội chứng trào ngược bệnh lý tuyến giáp viêm xoang sau stress đa số không nguy hiểm nếu bạn kèm theo đau đầu ù tai một bên thì cần phải nội soi tai mũi họng kiểm tra hệ thống vùng vòm họng tai giữa,O O O O O O COMMA O O O O O COMMA O O O O O O PERIOD O O O O O O O O PERIOD O O O O O O O COMMA O O O O O O QUESTION O O O O PERIOD O COMMA O O O O COMMA O O O O O O COMMA O O O O O O O O O O O O O O O O O O PERIOD O O O O O O O PERIOD O O O O O O O O O O O COMMA O COMMA O O O COMMA O O O COMMA O O COMMA PERIOD O O O O PERIOD O O O O O COMMA O O O O O O O O O O O O O O O O O O COMMA O PERIOD,,
train_028786,train,"Viêm da cơ địa và viêm da tiết bã là 2 bệnh lý khác nhau viêm da cơ địa hay còn gọi là bệnh chàm, eczema là một trong số các bệnh về da mãn tính xảy đến với nhiều người. Bệnh thường hay tái phát, kéo dài nên rất khó điều trị dứt điểm triệu chứng viêm da cơ địa triệu chứng điển hình của bệnh biểu hiện tùy thuộc vào từng giai đoạn. Giai đoạn cấp tính hay gặp ở trẻ em, đặc trưng bởi các đám ban đỏ hình tròn, bị bong trợt da, trên bề mặt có các mụn nước và vảy tiết, xuất tiết nhiều dịch viêm và xung quanh bị phù nề. Bệnh nhân rất ngứa, cảm giác rát bỏng, nhất là về đêm, làm cho người bệnh bị mất ngủ, gãi nhiều có thể làm cho da bị trầy xước, nhiễm khuẩn.",viêm da cơ địa và viêm da tiết bã là 2 bệnh lý khác nhau viêm da cơ địa hay còn gọi là bệnh chàm eczema là một trong số các bệnh về da mãn tính xảy đến với nhiều người bệnh thường hay tái phát kéo dài nên rất khó điều trị dứt điểm triệu chứng viêm da cơ địa triệu chứng điển hình của bệnh biểu hiện tùy thuộc vào từng giai đoạn giai đoạn cấp tính hay gặp ở trẻ em đặc trưng bởi các đám ban đỏ hình tròn bị bong trợt da trên bề mặt có các mụn nước và vảy tiết xuất tiết nhiều dịch viêm và xung quanh bị phù nề bệnh nhân rất ngứa cảm giác rát bỏng nhất là về đêm làm cho người bệnh bị mất ngủ gãi nhiều có thể làm cho da bị trầy xước nhiễm khuẩn,O O O O O O O O O O O O O O O O O O O O O O O O COMMA O O O O O O O O O O O O O O O PERIOD O O O O COMMA O O O O O O O O O O O O O O O O O O O O O O O O O O O O PERIOD O O O O O O O O COMMA O O O O O O O O COMMA O O O COMMA O O O O O O O O O COMMA O O O O O O O O O O PERIOD O O O COMMA O O O COMMA O O O COMMA O O O O O O COMMA O O O O O O O O O COMMA O PERIOD,,
train_028894,train,"Vậy thông tin ở đâu là chính xác ạ? Em cám ơn bác sĩ. Bạn nên liên lạc với nơi tiêm để có thông tin đúng nhất nhé. Bs ơi cho mình hỏi, trước khi đi chích ngừa covid 19 mình đã bị ho và và bị đau bao tử trào ngược có dùng thuốc kháng sinh và thuốc bao tửngày 14 tháng mình được chích ngừa covid 19 của hãng astra zeneca, sau khi chích tối mình có sốt nhẹ rồi sao đó hết. Sau 2 ngày mình vẫn bị ho và nóng rang ngực, nước miếng trào lên miệng và nôn, mỗi lần nôn cảm thấy thở mệt. Ngày 17 mình lên bệnh viện quận 12 khám bệnh, ở đây mình được test âm tính, bác sỉ khám nói mình bị viêm phế quản cấp và tràu ngược dày, bác sĩ cho kháng sinh ofmanite-domesco 625mg.",vậy thông tin ở đâu là chính xác ạ em cám ơn bác sĩ bạn nên liên lạc với nơi tiêm để có thông tin đúng nhất nhé bs ơi cho mình hỏi trước khi đi chích ngừa covid 19 mình đã bị ho và và bị đau bao tử trào ngược có dùng thuốc kháng sinh và thuốc bao tửngày 14 tháng mình được chích ngừa covid 19 của hãng astra zeneca sau khi chích tối mình có sốt nhẹ rồi sao đó hết sau 2 ngày mình vẫn bị ho và nóng rang ngực nước miếng trào lên miệng và nôn mỗi lần nôn cảm thấy thở mệt ngày 17 mình lên bệnh viện quận 12 khám bệnh ở đây mình được test âm tính bác sỉ khám nói mình bị viêm phế quản cấp và tràu ngược dày bác sĩ cho kháng sinh ofmanite-domesco 625mg,O O O O O O O O QUESTION O O O O PERIOD O O O O O O O O O O O O O PERIOD O O O O COMMA O O O O O O O O O O O O O O O O O O O O O O O O O O O O O O O O O O O O O O O COMMA O O O O O O O O O O O PERIOD O O O O O O O O O O COMMA O O O O O O COMMA O O O O O O PERIOD O O O O O O O O O COMMA O O O O O O COMMA O O O O O O O O O O O O O COMMA O O O O O O PERIOD,,
train_029257,train,"Tiểu nhiều gây ảnh hưởng đến đời sống của người bệnh chào bạn, tiểu nhiều lần, đau tức vùng bụng dưới, cảm giác đi tiểu không hết thường gặp trong các trường hợp nhiễm trùng tiết niệu, viêm bàng quang và niệu đạo, sỏi tiết niệu, bàng quang thần kinh tình trạng này cần phải phân biệt với tiểu nhiều lần như trong bệnh đái tháo đường hay đái tháo nhạt, người bệnh đi tiểu nhiều lần nhưng số lượng nước tiểu nhiều, dễ tiểu, không có cảm giác đau hoặc mót tiểu sau khi mới đi xong. Nếu đã khám và được kê toa điều trị, bạn vui lòng đính kèm các kết quả xét nghiệm và toa thuốc về chương trình để được tư vấn cụ thể hơn bạn nhé. Chào bác sĩ.",tiểu nhiều gây ảnh hưởng đến đời sống của người bệnh chào bạn tiểu nhiều lần đau tức vùng bụng dưới cảm giác đi tiểu không hết thường gặp trong các trường hợp nhiễm trùng tiết niệu viêm bàng quang và niệu đạo sỏi tiết niệu bàng quang thần kinh tình trạng này cần phải phân biệt với tiểu nhiều lần như trong bệnh đái tháo đường hay đái tháo nhạt người bệnh đi tiểu nhiều lần nhưng số lượng nước tiểu nhiều dễ tiểu không có cảm giác đau hoặc mót tiểu sau khi mới đi xong nếu đã khám và được kê toa điều trị bạn vui lòng đính kèm các kết quả xét nghiệm và toa thuốc về chương trình để được tư vấn cụ thể hơn bạn nhé chào bác sĩ,O O O O O O O O O O O O COMMA O O COMMA O O O O COMMA O O O O O O O O O O O O O O O COMMA O O O O O COMMA O O COMMA O O O O O O O O O O O O O O O O O O O O O O O O COMMA O O O O O O O O O O O COMMA O COMMA O O O O O O O O O O O O PERIOD O O O O O O O O COMMA O O O O O O O O O O O O O O O O O O O O O O O O PERIOD O O PERIOD,,
train_029872,train,"Trường hợp bạn có điều kiện kinh tế thì có thể lấy máu mẹ tìm nhiễm sắc thể thai nhi nipt và tùy kết quả để có hướng xử trí thích hợp. Thân mến. Chào bác sĩ, cả nhà em bị ghẻ rất lâu rồi, bôi các loại thuốc, tắm các loại lá không khỏi, em mới sinh cháu bé, bác sĩ cho em hỏi làm cách nào triệt để tận gốc ạ, em sợ sẽ lây sang bé mới sinh ạ? Chào em, bệnh cái ghẻ lây rất nhanh, nếu ở cùng nhà, và muốn điều trị ghẻ khỏi bệnh thì cần điều trị cho tất cả các thành viên trong gia đình cùng 1 lúc, không bỏ sót ai cả và cần tiệt trùng vệ sinh cá nhân và áo quần, chăn màn, ra, gốibằng nước sôi, mới khỏi bệnh được.",trường hợp bạn có điều kiện kinh tế thì có thể lấy máu mẹ tìm nhiễm sắc thể thai nhi nipt và tùy kết quả để có hướng xử trí thích hợp thân mến chào bác sĩ cả nhà em bị ghẻ rất lâu rồi bôi các loại thuốc tắm các loại lá không khỏi em mới sinh cháu bé bác sĩ cho em hỏi làm cách nào triệt để tận gốc ạ em sợ sẽ lây sang bé mới sinh ạ chào em bệnh cái ghẻ lây rất nhanh nếu ở cùng nhà và muốn điều trị ghẻ khỏi bệnh thì cần điều trị cho tất cả các thành viên trong gia đình cùng 1 lúc không bỏ sót ai cả và cần tiệt trùng vệ sinh cá nhân và áo quần chăn màn ra gốibằng nước sôi mới khỏi bệnh được,O O O O O O O O O O O O O O O O O O O O O O O O O O O O O O O PERIOD O PERIOD O O COMMA O O O O O O O COMMA O O O COMMA O O O O O COMMA O O O O COMMA O O O O O O O O O O O O COMMA O O O O O O O O QUESTION O COMMA O O O O O COMMA O O O COMMA O O O O O O O O O O O O O O O O O O O O O O COMMA O O O O O O O O O O O O O O O COMMA O COMMA COMMA O O COMMA O O O PERIOD,,
train_030022,train,"Em mới thay kính nhưng em bị đau đầu, hoa mắt chóng mặt mặc dù em đeo độ này 2 năm rồi và đeo qua 3 cái kính với độ này nhưng mà vs kính thứ 4 em bị như v em nghi bị lệch tâm nhưng em đi hỏi người ta chỉ bảo do em đeo chưa quen tại kích thước kính moi to hơn kính tròn là kính mới của e kính vuông và 3 kính trc kiểu dáng na ná như v chào bạn. Dạ cho e hỏi có phải e bị lệch tâm kính k có nhiều nguyên nhân gây choáng sau khi đeo kính lắm em. Em đăng kí khám online với bs bằng cách ấn vào hình đại diện của bs, chọn giờ, chọn đặt khám, chọn mã giảm giá 150000đ để được miễn phí. Chọn hoàn tất để hệ thống lên lịch.",em mới thay kính nhưng em bị đau đầu hoa mắt chóng mặt mặc dù em đeo độ này 2 năm rồi và đeo qua 3 cái kính với độ này nhưng mà vs kính thứ 4 em bị như v em nghi bị lệch tâm nhưng em đi hỏi người ta chỉ bảo do em đeo chưa quen tại kích thước kính moi to hơn kính tròn là kính mới của e kính vuông và 3 kính trc kiểu dáng na ná như v chào bạn dạ cho e hỏi có phải e bị lệch tâm kính k có nhiều nguyên nhân gây choáng sau khi đeo kính lắm em em đăng kí khám online với bs bằng cách ấn vào hình đại diện của bs chọn giờ chọn đặt khám chọn mã giảm giá 150000đ để được miễn phí chọn hoàn tất để hệ thống lên lịch,O O O O O O O O COMMA O O O O O O O O O O O O O O O O O O O O O O O O O O O O O O O O O O O O O O O O O O O O O O O O O O O O O O O O O O O O O O O O O O O O O O O O O O O O O PERIOD O O O O O O O O O O O O O O O O O O O O O O O PERIOD O O O O O O O O O O O O O O O COMMA O COMMA O O COMMA O O O O O O O O PERIOD O O O O O O O PERIOD,,
train_030496,train,"Với những mô tả chị nêu và kết quả nội soi đại tràng cho thấy không có tổn thương niêm mạc thì đó là những cơ sở để thầy thuốc chẩn đoán hội chứng ruột kích thích. Tôi nghĩ rằng chẩn đoán chị bị hội chứng ruột kích thích là thỏa đáng. Tuy nhiên điều trị hội chứng ruột kích thích rất khó, người bệnh thường có triệu chứng tái đi tái lại nhiều lần, phải đi khám nhiều lần nên dễ có tâm lý ngờ vực, sợ bệnh. Để kiểm soát tốt tình trạng bệnh, chị cần để ý xem có loại thức ăn nào làm chị đau bụng đi ngoài.",với những mô tả chị nêu và kết quả nội soi đại tràng cho thấy không có tổn thương niêm mạc thì đó là những cơ sở để thầy thuốc chẩn đoán hội chứng ruột kích thích tôi nghĩ rằng chẩn đoán chị bị hội chứng ruột kích thích là thỏa đáng tuy nhiên điều trị hội chứng ruột kích thích rất khó người bệnh thường có triệu chứng tái đi tái lại nhiều lần phải đi khám nhiều lần nên dễ có tâm lý ngờ vực sợ bệnh để kiểm soát tốt tình trạng bệnh chị cần để ý xem có loại thức ăn nào làm chị đau bụng đi ngoài,O O O O O O O O O O O O O O O O O O O O O O O O O O O O O O O O O O O O PERIOD O O O O O O O O O O O O O O PERIOD O O O O O O O O O O COMMA O O O O O O O O O O O COMMA O O O O O O O O O O O COMMA O PERIOD O O O O O O COMMA O O O O O O O O O O O O O O O PERIOD,,
train_030513,train,"Vì tình hình dịch bệnh phức tạp, gia đình phải liên hệ trước với các bv nào còn tiếp nhận điều trị bệnh lý thông thường trong khu vực mình sinh sống, ưu tiên bv đa khoa có đơn vị nội soi tiêu hóa, bạn nhé. Chào bsĩ, châu tên nguyễn ngọc thanh, năm nay cháu 16t. Lâu rồi cháu vẫn hay đau đầu bình thường, thức khuya là đau hay không ngủ trưa, nhưng dạo gần đây, cháu đau nửa đầu phía sau. Không phải ở gáy. Mà là phía sau bác sĩ ạ. Đau dữ dội, buồn nôn, nhắm mắt lại một lúc rồi mở mắt ra thì chói với ánh sáng, cho cháu hỏi cháu bị gì ạ? Chào cháu.",vì tình hình dịch bệnh phức tạp gia đình phải liên hệ trước với các bv nào còn tiếp nhận điều trị bệnh lý thông thường trong khu vực mình sinh sống ưu tiên bv đa khoa có đơn vị nội soi tiêu hóa bạn nhé chào bsĩ châu tên nguyễn ngọc thanh năm nay cháu 16t lâu rồi cháu vẫn hay đau đầu bình thường thức khuya là đau hay không ngủ trưa nhưng dạo gần đây cháu đau nửa đầu phía sau không phải ở gáy mà là phía sau bác sĩ ạ đau dữ dội buồn nôn nhắm mắt lại một lúc rồi mở mắt ra thì chói với ánh sáng cho cháu hỏi cháu bị gì ạ chào cháu,O O O O O O COMMA O O O O O O O O O O O O O O O O O O O O O O O O COMMA O O O O O O O O O O O COMMA O PERIOD O COMMA O O O O COMMA O O O PERIOD O O O O O O O O COMMA O O O O O O O COMMA O O O COMMA O O O O O PERIOD O O O PERIOD O O O O O O PERIOD O O COMMA O COMMA O O O O O O O O O O O O O COMMA O O O O O O QUESTION O PERIOD,,
train_032088,train,"Cảm ơn bạn đã gửi câu hỏi tắc mạch do bị trĩ ngoại phải làm sao? Đến vinmec. Trân trọng. Em chào bs, em hiện đau nhức khớp có đi khám ở bệnh viện đại học y dược và uống thuốc. Em nghe nói uống thêm sữa non sẽ hết đau nhức khớp đúng không ạ? Xin bs tư vấn giúp em với. Em xin chân thành cảm ơn. Đau nhức xương khớp khiến người bệnh mệt mỏi giảm chất lượng cuộc sống chào bạn, trong y học, sữa non là sữa mẹ được tạo thành khi sản phụ mang thai được 7 tháng trở đi. Sữa non được hình thành thông qua quá trình thay đổi hormone của người mẹ sau khi sinh từ 2-3 ngày.",cảm ơn bạn đã gửi câu hỏi tắc mạch do bị trĩ ngoại phải làm sao đến vinmec trân trọng em chào bs em hiện đau nhức khớp có đi khám ở bệnh viện đại học y dược và uống thuốc em nghe nói uống thêm sữa non sẽ hết đau nhức khớp đúng không ạ xin bs tư vấn giúp em với em xin chân thành cảm ơn đau nhức xương khớp khiến người bệnh mệt mỏi giảm chất lượng cuộc sống chào bạn trong y học sữa non là sữa mẹ được tạo thành khi sản phụ mang thai được 7 tháng trở đi sữa non được hình thành thông qua quá trình thay đổi hormone của người mẹ sau khi sinh từ 2-3 ngày,O O O O O O O O O O O O O O O QUESTION O PERIOD O PERIOD O O COMMA O O O O O O O O O O O O O O O O O PERIOD O O O O O O O O O O O O O O QUESTION O O O O O O PERIOD O O O O O PERIOD O O O O O O O O O O O O O O O COMMA O O COMMA O O O O O O O O O O O O O O O O O PERIOD O O O O O O O O O O O O O O O O O O O O PERIOD,,
train_032099,train,"Tiêu chảy mạn có thể do nhiều nguyên nhân, như nhiễm ký sinh trùng đường ruột, viêm loét đại tràng, rối loạn vận động ruột, bệnh lý nội tiết cường giáp, u gastrin, ung thư đại tràng vì thế em cần đến khám cơ sở y tế có chuyên khoa tiêu hóa có khả năng làm các xét nghiệm chuyên sâu như nội soi đại trực tràng để sớm tìm ra nguyên nhân gây bệnh và xử trí sớm, để kéo dài em sẽ bị suy kiệt nặng do tiêu chảy mạn đấy.",tiêu chảy mạn có thể do nhiều nguyên nhân như nhiễm ký sinh trùng đường ruột viêm loét đại tràng rối loạn vận động ruột bệnh lý nội tiết cường giáp u gastrin ung thư đại tràng vì thế em cần đến khám cơ sở y tế có chuyên khoa tiêu hóa có khả năng làm các xét nghiệm chuyên sâu như nội soi đại trực tràng để sớm tìm ra nguyên nhân gây bệnh và xử trí sớm để kéo dài em sẽ bị suy kiệt nặng do tiêu chảy mạn đấy,O O O O O O O O COMMA O O O O O O COMMA O O O COMMA O O O O COMMA O O O O O COMMA O COMMA O O O O O O O O O O O O O O O O O O O O O O O O O O O O O O O O O O O O O O O O O O O O O COMMA O O O O O O O O O O O O O PERIOD,,
train_032326,train,"Nhưng nếu nó sống được qua mốc 10-15 ngày kể từ ngày nó cào em thì chắc chắn tại thời điểm nó cắn em, nó không bị dại và em cũng không có nguy cơ nhiễm dại, không cần tiêm ngừa vắc xin dại. Như vậy, em có hai lựa chọn, một là tiếp tục theo dõi nó, nếu nó vẫn còn sống sau thời gian 10 ngày thì mình an tâm, không cần tiêm ngừa vắc xin dại ngược lại, nếu mất dấu theo dõi chó hoặc nó chết không rõ nguyên nhân trong vòng 10 ngày sau đó, thì em cần tiêm phòng dại đủ 5 mũi. Hoặc em vừa tiêm vắc xin ngừa dại vừa theo dõi con chó, sau 10 ngày nó còn sống thì mình ngưng tiêm các mũi vắc xin ngừa dại còn lại trong phác đồ 5 mũi cũng được.",nhưng nếu nó sống được qua mốc 10-15 ngày kể từ ngày nó cào em thì chắc chắn tại thời điểm nó cắn em nó không bị dại và em cũng không có nguy cơ nhiễm dại không cần tiêm ngừa vắc xin dại như vậy em có hai lựa chọn một là tiếp tục theo dõi nó nếu nó vẫn còn sống sau thời gian 10 ngày thì mình an tâm không cần tiêm ngừa vắc xin dại ngược lại nếu mất dấu theo dõi chó hoặc nó chết không rõ nguyên nhân trong vòng 10 ngày sau đó thì em cần tiêm phòng dại đủ 5 mũi hoặc em vừa tiêm vắc xin ngừa dại vừa theo dõi con chó sau 10 ngày nó còn sống thì mình ngưng tiêm các mũi vắc xin ngừa dại còn lại trong phác đồ 5 mũi cũng được,O O O O O O O O O O O O O O O O O O O O O O O COMMA O O O O O O O O O O O O COMMA O O O O O O PERIOD O COMMA O O O O COMMA O O O O O O COMMA O O O O O O O O O O O O O COMMA O O O O O O O O COMMA O O O O O O O O O O O O O O O O O O COMMA O O O O O O O O PERIOD O O O O O O O O O O O O COMMA O O O O O O O O O O O O O O O O O O O O O O O O PERIOD,,
train_034439,train,"Khi bị đau đầu vận mạch, nhiều bệnh nhân có thể sử dụng các loại thuốc giãn mạch, làm giảm cơn đau thắt. Tuy nhiên, nên hạn chế việc tự chữa tại nhà mà khi sử dụng thuốc cần có sự chỉ dẫn của bác sĩtập thể dục, áp dụng liệu pháp vật lí trị liệu để giảm căng thẳng hỗ trợ điều trị đau đầu vận mạch hiệu quảthăm khám sức khỏe định kỳ 1-2 lần 1 năm để được bác sĩ thăm khám tìm nguyên nhân đau đầu vận mạch và tư vấn điều trị. Thân mến. Chúc bạn và gia đình nhiều sức khỏe. Tôi vừa bị mèo nhà cắn ở cổ taymèo tầm trung chưa lớn. Tôi đã thấy nó bắt được chuộtvết cắn có tấy lên và chảy máu.",khi bị đau đầu vận mạch nhiều bệnh nhân có thể sử dụng các loại thuốc giãn mạch làm giảm cơn đau thắt tuy nhiên nên hạn chế việc tự chữa tại nhà mà khi sử dụng thuốc cần có sự chỉ dẫn của bác sĩtập thể dục áp dụng liệu pháp vật lí trị liệu để giảm căng thẳng hỗ trợ điều trị đau đầu vận mạch hiệu quảthăm khám sức khỏe định kỳ 1-2 lần 1 năm để được bác sĩ thăm khám tìm nguyên nhân đau đầu vận mạch và tư vấn điều trị thân mến chúc bạn và gia đình nhiều sức khỏe tôi vừa bị mèo nhà cắn ở cổ taymèo tầm trung chưa lớn tôi đã thấy nó bắt được chuộtvết cắn có tấy lên và chảy máu,O O O O O COMMA O O O O O O O O O O O COMMA O O O O PERIOD O COMMA O O O O O O O O O O O O O O O O O O O O O O COMMA O O O O O O O O O O O O O O O O O O O O O O O O O O O O O O O O O O O O O O O O O O O O O O O O PERIOD O PERIOD O O O O O O O PERIOD O O O O O O O O O O O O PERIOD O O O O O O O O O O O O O PERIOD,,
train_034672,train,"Phải bị chó cắn mà là vết thương bình thường thì mình tiêm có ảnh hưởng gì không bác sĩ qua 2 ngày rồi thì tiêm còn tác dụng không ạ ko em qua 2 ngày vẫn dk còn tiêm phòng thì kung như mình tiêm chủng lúc còn nhỏ vậy đó sau này nuôi động vật đỡ lo dạ ngày mai đi tiêm thì có được không bác sĩ uh em dạ em khám mắt chưa bác sĩ ơi mẹ em muốn hỏi là siêu âm thai lần đầu dự sanh là ngày 11/11 lần tiếp theo là 13/11 lần cuối là 17/11 vậy thì ngày nào chắc chắn hơn ạ lần siêu âm lúc 12 tuần thường sẽ chính xác nhất, hoặc tham khao theo ngày kinh cuối nếu kinh nguyệt đều bác sĩ ơi em không biết làm sao nữa em có nố với mẹ em nhưng",phải bị chó cắn mà là vết thương bình thường thì mình tiêm có ảnh hưởng gì không bác sĩ qua 2 ngày rồi thì tiêm còn tác dụng không ạ ko em qua 2 ngày vẫn dk còn tiêm phòng thì kung như mình tiêm chủng lúc còn nhỏ vậy đó sau này nuôi động vật đỡ lo dạ ngày mai đi tiêm thì có được không bác sĩ uh em dạ em khám mắt chưa bác sĩ ơi mẹ em muốn hỏi là siêu âm thai lần đầu dự sanh là ngày 11/11 lần tiếp theo là 13/11 lần cuối là 17/11 vậy thì ngày nào chắc chắn hơn ạ lần siêu âm lúc 12 tuần thường sẽ chính xác nhất hoặc tham khao theo ngày kinh cuối nếu kinh nguyệt đều bác sĩ ơi em không biết làm sao nữa em có nố với mẹ em nhưng,O O O O O O O O O O O O O O O O O O O O O O O O O O O O O O O O O O O O O O O O O O O O O O O O O O O O O O O O O O O O O O O O O O O O O O O O O O O O O O O O O O O O O O O O O O O O O O O O O O O O O O O O O O O O O O O O O O O O O O O O O O COMMA O O O O O O O O O O O O O O O O O O O O O O O O O O O,,
train_034719,train,"Xin chào bác sĩ, cháu bị rối loạn vận mạch não cháu đã đi khám và uống thuốc nhưng vẫn đau đầu, ức chế, dễ mệt mỏi và mất ngủ, trí nhớ kém, cháu năm nay thi đại học nên rất lo lắng không biết làm sao ạ chào cháu chứng đau đầu rối loạn vân mạch có nguyên nhân xuất phát từ thời tiết thời tiết thay đổi thất thường đã tác động vào sự quá nhạy cảm của mạch máu, ngoài ra yếu tố môi trường âm thanh quá ồn ào, các loại thực phẩm nhiễm hóa chất gây xơ vữa mạch, yếu tố di truyền từ gia đình chiếm tỉ lệ cao, do thói quen sử dụng nhiều rượu bia, thuốc lá khiến hệ thống mạch máu não hình thành các mảng bám gây hẹp, làm xuất hiện nhiều nếp gấp biến dạng, máu lưu thông chậm",xin chào bác sĩ cháu bị rối loạn vận mạch não cháu đã đi khám và uống thuốc nhưng vẫn đau đầu ức chế dễ mệt mỏi và mất ngủ trí nhớ kém cháu năm nay thi đại học nên rất lo lắng không biết làm sao ạ chào cháu chứng đau đầu rối loạn vân mạch có nguyên nhân xuất phát từ thời tiết thời tiết thay đổi thất thường đã tác động vào sự quá nhạy cảm của mạch máu ngoài ra yếu tố môi trường âm thanh quá ồn ào các loại thực phẩm nhiễm hóa chất gây xơ vữa mạch yếu tố di truyền từ gia đình chiếm tỉ lệ cao do thói quen sử dụng nhiều rượu bia thuốc lá khiến hệ thống mạch máu não hình thành các mảng bám gây hẹp làm xuất hiện nhiều nếp gấp biến dạng máu lưu thông chậm,O O O COMMA O O O O O O O O O O O O O O O O O COMMA O COMMA O O O O O COMMA O O COMMA O O O O O O O O O O O O O O O O O O O O O O O O O O O O O O O O O O O O O O O O O O O O O O O O COMMA O O O O O O O O O O COMMA O O O O O O O O O O COMMA O O O O O O O O O O COMMA O O O O O O O COMMA O O O O O O O O O O O O O O COMMA O O O O O O O COMMA O O O O,,
train_034994,train,"Chị có thể cho bé uống sữa sau bữa ăn sáng, lúc 16g chiều, hoặc 2 giờ trước khi đi ngủ. Không nên cho trẻ uống lúc bụng đói vì sẽ làm loãng dịch dạ dày, không tốt cho việc tiêu hóa và hấp thụ thực phẩm. Không nên cho trẻ uống chung với các loại nước trái cây chua vì khi gặp các axit có trong nước trái cây như cam, canh, kiwi sẽ dẫn đến phản ứng kết tủa, làm mất tác dụng protein trong sữa. Chào bác sĩ, cu tý nhà em 3 tuổi, mỗi lần cháu đi đại tiện xong em dùng giấy vệ sinh lau thì có 1 giọt máu đỏ tươi. Ngày nào cháu cũng đi đều đặn 1 lần. Có hôm cháu lấy sức rặn rất vất vả, có hôm bình thường.",chị có thể cho bé uống sữa sau bữa ăn sáng lúc 16g chiều hoặc 2 giờ trước khi đi ngủ không nên cho trẻ uống lúc bụng đói vì sẽ làm loãng dịch dạ dày không tốt cho việc tiêu hóa và hấp thụ thực phẩm không nên cho trẻ uống chung với các loại nước trái cây chua vì khi gặp các axit có trong nước trái cây như cam canh kiwi sẽ dẫn đến phản ứng kết tủa làm mất tác dụng protein trong sữa chào bác sĩ cu tý nhà em 3 tuổi mỗi lần cháu đi đại tiện xong em dùng giấy vệ sinh lau thì có 1 giọt máu đỏ tươi ngày nào cháu cũng đi đều đặn 1 lần có hôm cháu lấy sức rặn rất vất vả có hôm bình thường,O O O O O O O O O O COMMA O O COMMA O O O O O O PERIOD O O O O O O O O O O O O O O COMMA O O O O O O O O O O PERIOD O O O O O O O O O O O O O O O O O O O O O O O O COMMA COMMA O O O O O O O COMMA O O O O O O PERIOD O O COMMA O O O O O COMMA O O O O O O O O O O O O O O O O O O O PERIOD O O O O O O O O PERIOD O O O O O O O O COMMA O O O PERIOD,,
train_035094,train,"Tùy theo kết quả hỏi bệnh, khám và các cận lâm sàng mà bạn sẽ được tư vấn về các hướng điều trị, tiên lượng và theo dõi sau đó. Bạn không nói về những triệu chứng cơ năng của bạn nghĩa là bạn có thấy gì khó chịu với tuyến giáp và kết quả siêu âm của bạn cũng không mô tả rõ các đặc điểm của nhân giáp, phân loại tirads, bạn nên đi khám lại với bác sĩ chuyên khoa nội tiết để được khám và tư vấn kỹ hơn, và nên siêu âm kiểm tra lại để có đánh giá chính xác hơn. Cảm ơn bạn đã tin tưởng và chia sẻ những lo lắng về việc kết quả siêu âm nhân thùy lớn 4x3mm, xuất hiện hạch hai bên cổ có nguy hiểm không? Tới hệ thống y tế vinmec. Trân trọng.",tùy theo kết quả hỏi bệnh khám và các cận lâm sàng mà bạn sẽ được tư vấn về các hướng điều trị tiên lượng và theo dõi sau đó bạn không nói về những triệu chứng cơ năng của bạn nghĩa là bạn có thấy gì khó chịu với tuyến giáp và kết quả siêu âm của bạn cũng không mô tả rõ các đặc điểm của nhân giáp phân loại tirads bạn nên đi khám lại với bác sĩ chuyên khoa nội tiết để được khám và tư vấn kỹ hơn và nên siêu âm kiểm tra lại để có đánh giá chính xác hơn cảm ơn bạn đã tin tưởng và chia sẻ những lo lắng về việc kết quả siêu âm nhân thùy lớn 4x3mm xuất hiện hạch hai bên cổ có nguy hiểm không tới hệ thống y tế vinmec trân trọng,O O O O O COMMA O O O O O O O O O O O O O O O O COMMA O O O O O O PERIOD O O O O O O O O O O O O O O O O O O O O O O O O O O O O O O O O O O O O O O O COMMA O O COMMA O O O O O O O O O O O O O O O O O O O COMMA O O O O O O O O O O O O O PERIOD O O O O O O O O O O O O O O O O O O O O O COMMA O O O O O O O O O QUESTION O O O O O PERIOD O PERIOD,,
train_035383,train,"Khi đi khám sàng lọc, bạn đem theo các loại thuốc đang dùng để bs cân nhắc nhé. Chào bác sĩ, nay con được 30 tuổi đang có thai khoảng 4 tháng, con thường xuyên bị mất ngủ vì con bị thiếu máu não và rối loạn tiền đìnhvậy bác chỉ cho hỏi, phụ nữ mang thai bị mất ngủ và rối loạn tiền đình nên dùng thuốc gì để giảm chứng bệnh đó? Cảm ơn bác sĩ. Chào bạn. Với 1 phụ nữ có thai và có nhiều tác động từ xã hội, gia đình, lo lắng bản thân có thể dẫn đến stress và gây lo lắng mất ngủ và các triệu chứng khác như chóng mặt.",khi đi khám sàng lọc bạn đem theo các loại thuốc đang dùng để bs cân nhắc nhé chào bác sĩ nay con được 30 tuổi đang có thai khoảng 4 tháng con thường xuyên bị mất ngủ vì con bị thiếu máu não và rối loạn tiền đìnhvậy bác chỉ cho hỏi phụ nữ mang thai bị mất ngủ và rối loạn tiền đình nên dùng thuốc gì để giảm chứng bệnh đó cảm ơn bác sĩ chào bạn với 1 phụ nữ có thai và có nhiều tác động từ xã hội gia đình lo lắng bản thân có thể dẫn đến stress và gây lo lắng mất ngủ và các triệu chứng khác như chóng mặt,O O O O COMMA O O O O O O O O O O O O PERIOD O O COMMA O O O O O O O O O O COMMA O O O O O O O O O O O O O O O O O O O O COMMA O O O O O O O O O O O O O O O O O O O O QUESTION O O O PERIOD O PERIOD O O O O O O O O O O O O O COMMA O COMMA O O O O O O O O O O O O O O O O O O O O O O PERIOD,,
train_036049,train,"Theo bạn cho biết, con trai bạn 10 tuổi, thường bị sưng rộp và bọng nước trên môi, còn bị đốm da ở vùng cổ và dương vật, cháu được bệnh viện da liễu tp hcm chẩn đoán là hồng ban sắc tố, dị ứng với thuốc paracetamol, panadol, decolgen đây là những loại thuốc chống viêm hạ sốt mà đều có chung hoạt chất là paracetamol bạn nhé, chứ không phải là thuốc kháng sinh như bạn nói. Tuy nhiên bạn cho biết là thực tế cháu bị sưng môi ngay sau khi sốt và trước khi uống thuốc hạ sốt. Vậy thì trước đó cháu có uống loại thuốc nào khác hay không?",theo bạn cho biết con trai bạn 10 tuổi thường bị sưng rộp và bọng nước trên môi còn bị đốm da ở vùng cổ và dương vật cháu được bệnh viện da liễu tp hcm chẩn đoán là hồng ban sắc tố dị ứng với thuốc paracetamol panadol decolgen đây là những loại thuốc chống viêm hạ sốt mà đều có chung hoạt chất là paracetamol bạn nhé chứ không phải là thuốc kháng sinh như bạn nói tuy nhiên bạn cho biết là thực tế cháu bị sưng môi ngay sau khi sốt và trước khi uống thuốc hạ sốt vậy thì trước đó cháu có uống loại thuốc nào khác hay không,O O O COMMA O O O O COMMA O O O O O O O O COMMA O O O O O O O O O COMMA O O O O O O O O O O O O O O COMMA O O O O COMMA COMMA O O O O O O O O O O O O O O O O O O O COMMA O O O O O O O O O PERIOD O O O O O O O O O O O O O O O O O O O O O O PERIOD O O O O O O O O O O O O QUESTION,,
train_036422,train,"Phương pháp cắt trĩ bằng máy đốt điện cao tần hoặc máy cắt siêu âm được sử dụng cho tất cả mọi loại trĩ trĩ hỗn hợp, trĩ biến chứng huyết khối, da thừa hậu môn nhưng khá đau và chăm sóc khó. Dù phương pháp nào đi nữa thì trĩ vẫn luôn có khả năng tái phát nếu vẫn duy trì lối sống ít vận động, ăn ít chất xơ, ít uống nước và ngồi lâu khi đi tiêu. Bạn nên khám tại bệnh viện đa khoa, đăng ký khám chuyên khoa ngoại tổng quát, sau khi bác sĩ thăm khám sẽ xác định mức độ và tư vấn hướng điều trị thích hợp nhất cho bạn, bạn nhé. Thân mến.",phương pháp cắt trĩ bằng máy đốt điện cao tần hoặc máy cắt siêu âm được sử dụng cho tất cả mọi loại trĩ trĩ hỗn hợp trĩ biến chứng huyết khối da thừa hậu môn nhưng khá đau và chăm sóc khó dù phương pháp nào đi nữa thì trĩ vẫn luôn có khả năng tái phát nếu vẫn duy trì lối sống ít vận động ăn ít chất xơ ít uống nước và ngồi lâu khi đi tiêu bạn nên khám tại bệnh viện đa khoa đăng ký khám chuyên khoa ngoại tổng quát sau khi bác sĩ thăm khám sẽ xác định mức độ và tư vấn hướng điều trị thích hợp nhất cho bạn bạn nhé thân mến,O O O O O O O O O O O O O O O O O O O O O O O O O O COMMA O O O O COMMA O O O O O O O O O O PERIOD O O O O O O O O O O O O O O O O O O O O O O O COMMA O O O COMMA O O O O O O O O PERIOD O O O O O O O COMMA O O O O O O O COMMA O O O O O O O O O O O O O O O O O O O O O COMMA O PERIOD O PERIOD,,
train_036435,train,"Polyp có thể xuất hiện trên cơ địa viêm dạ dày mạn, sử dụng thuốc điều trị bệnh dạ dày kéo dài hoặc do tiền căn gia đình. Hiện tại bạn nên thăm khám chuyên khoa tiêu hóa để xem xét ngưng bớt thuốc điều trị loét dạ dày vì nội soi không thấy loét nữa, theo dõi định kỳ để quyết định hướng xử trí tiếp theo bạn nhé. Em bị ho có đờm kéo dài hơn 2 tuần, xin bác sĩ tư vấn cho em cách xử lý ạ? Ho đờm thường do những bệnh của đường hô hấp.",polyp có thể xuất hiện trên cơ địa viêm dạ dày mạn sử dụng thuốc điều trị bệnh dạ dày kéo dài hoặc do tiền căn gia đình hiện tại bạn nên thăm khám chuyên khoa tiêu hóa để xem xét ngưng bớt thuốc điều trị loét dạ dày vì nội soi không thấy loét nữa theo dõi định kỳ để quyết định hướng xử trí tiếp theo bạn nhé em bị ho có đờm kéo dài hơn 2 tuần xin bác sĩ tư vấn cho em cách xử lý ạ ho đờm thường do những bệnh của đường hô hấp,O O O O O O O O O O O COMMA O O O O O O O O O O O O O O O PERIOD O O O O O O O O O O O O O O O O O O O O O O O O O O O COMMA O O O O O O O O O O O O O PERIOD O O O O O O O O O COMMA O O O O O O O O O O QUESTION O O O O O O O O O PERIOD,,
train_036464,train,"Có người hồi nhỏ đã bị, có người lớn lên mới phát bệnh, nguyên nhân không rõ vì là do tương tác giữa cơ địa và môi trường theo thời gian. Viêm mũi dị ứng khó có thể chữa dứt điểm. Vì bệnh không chữa dứt điểm được, nên chủ yếu là phòng ngừa bệnh xảy ra, bằng cách tránh những yếu tố gây kích thích mũi xoang, như bụi, khói thuốc lá, mạt nhà, nước hoa, phấn hoa giữ ấm vùng mũi họng, hạn chế để quạt thổi thẳng vào đầu mặt cổ, hạn chế máy lạnh, vệ sinh máy điều hòa / quạt định kỳ, ra đường nên đeo khẩu trang, trời lạnh phải giữ ấm cơ thể, tập thể dục để nâng cao sức đề kháng, có thể mua máy làm sạch không khí và bù ẩm để trong nhà nếu có điều kiện.",có người hồi nhỏ đã bị có người lớn lên mới phát bệnh nguyên nhân không rõ vì là do tương tác giữa cơ địa và môi trường theo thời gian viêm mũi dị ứng khó có thể chữa dứt điểm vì bệnh không chữa dứt điểm được nên chủ yếu là phòng ngừa bệnh xảy ra bằng cách tránh những yếu tố gây kích thích mũi xoang như bụi khói thuốc lá mạt nhà nước hoa phấn hoa giữ ấm vùng mũi họng hạn chế để quạt thổi thẳng vào đầu mặt cổ hạn chế máy lạnh vệ sinh máy điều hòa / quạt định kỳ ra đường nên đeo khẩu trang trời lạnh phải giữ ấm cơ thể tập thể dục để nâng cao sức đề kháng có thể mua máy làm sạch không khí và bù ẩm để trong nhà nếu có điều kiện,O O O O O COMMA O O O O O O COMMA O O O O O O O O O O O O O O O O O PERIOD O O O O O O O O O PERIOD O O O O O O COMMA O O O O O O O O COMMA O O O O O O O O O O COMMA O COMMA O O COMMA O COMMA O COMMA O O O O O O COMMA O O O O O O O O O COMMA O O O COMMA O O O O O O O O COMMA O O O O O COMMA O O O O O O COMMA O O O O O O O O COMMA O O O O O O O O O O O O O O O O O PERIOD,,
train_037931,train,"Trong viêm gan cấp tính do siêu vi, có khi men gan tăng gấp từ 10 - 20 lần. Đối với viêm gan mạn tính thể tiến triển hoặc xơ gan hoặc viêm gan tự miễn thì men gan cũng có thể gia tăng. Các nguyên nhân khác làm tổn thương tế bào gan như rượu, sốt rét, ung thư gan, ngộ độc hóa chất tuy nhiên vẫn có trường hợp, mặc dù men gan tăng nhưng không phải từ gan mà bởi các lý do khác, như hoạt động thể lực mạnh. Mắt cá chân của em hơi bị sưng và hơi đau. Bác sĩ cho em hỏi bị gì ạ chào em em bị lâu chưa?",trong viêm gan cấp tính do siêu vi có khi men gan tăng gấp từ 10 - 20 lần đối với viêm gan mạn tính thể tiến triển hoặc xơ gan hoặc viêm gan tự miễn thì men gan cũng có thể gia tăng các nguyên nhân khác làm tổn thương tế bào gan như rượu sốt rét ung thư gan ngộ độc hóa chất tuy nhiên vẫn có trường hợp mặc dù men gan tăng nhưng không phải từ gan mà bởi các lý do khác như hoạt động thể lực mạnh mắt cá chân của em hơi bị sưng và hơi đau bác sĩ cho em hỏi bị gì ạ chào em em bị lâu chưa,O O O O O O O COMMA O O O O O O O O O O PERIOD O O O O O O O O O O O O O O O O O O O O O O O O PERIOD O O O O O O O O O O O COMMA O COMMA O O COMMA O O O O O O O O O COMMA O O O O O O O O O O O O O O O COMMA O O O O O PERIOD O O O O O O O O O O PERIOD O O O O O O O O O O O O O QUESTION,,
validation_000362,validation,"Nếu cháu đã nội soi dạ dày cách 1 tuần thì không cần nội soi lại, thêm nữa việc đang dùng kháng sinh để diệt vi khuẩn hp hoặc điều trị nhiễm khuẩn khác khi làm nội soi test hp cũng không còn chính xác. Bác cũng không cần phải đưa cháu tới bạch mai khám lại. Nếu cháu chưa đỡ thì bác chụp ảnh đơn thuốc cũ, kết quả nội soi gửi lên đây và đăng ký khám online tôi sẽ chỉnh thuốc cho cháu chương trình được miễn phí bác nhé chồng tôi đi khám bác sĩ kết luận, vòm họng có nhiều tổ chức hạt. Xin hỏi bác sĩ đây là bệnh gì, có nguy hiểm không? Và cách chữa trị thế nào? Theo bạn kể có thể chồng bạn bị viêm họng hạt.",nếu cháu đã nội soi dạ dày cách 1 tuần thì không cần nội soi lại thêm nữa việc đang dùng kháng sinh để diệt vi khuẩn hp hoặc điều trị nhiễm khuẩn khác khi làm nội soi test hp cũng không còn chính xác bác cũng không cần phải đưa cháu tới bạch mai khám lại nếu cháu chưa đỡ thì bác chụp ảnh đơn thuốc cũ kết quả nội soi gửi lên đây và đăng ký khám online tôi sẽ chỉnh thuốc cho cháu chương trình được miễn phí bác nhé chồng tôi đi khám bác sĩ kết luận vòm họng có nhiều tổ chức hạt xin hỏi bác sĩ đây là bệnh gì có nguy hiểm không và cách chữa trị thế nào theo bạn kể có thể chồng bạn bị viêm họng hạt,O O O O O O O O O O O O O O O COMMA O O O O O O O O O O O O O O O O O O O O O O O O O O O O PERIOD O O O O O O O O O O O PERIOD O O O O O O O O O O COMMA O O O O O O O O O O O O O O O O O O O O O O O O O O O O O O O O COMMA O O O O O O PERIOD O O O O O O O COMMA O O O QUESTION O O O O O QUESTION O O O O O O O O O O PERIOD,,
validation_003180,validation,"Sau đó em cũng chụp x-quang phổi nhưng vẫn không tìm ra nguyên nhân. Vậy hơi thở có mùi của em là do đâu và em cần làm gì để chấm dứt tình trạng này? Cảm ơn bác sĩ đã tư vấn. Chào bạn, cảm ơn bạn đã gửi câu hỏi về cho hệ thống y tế vinmec, với câu hỏi của bạn tôi xin trả lời như sau mùi hôi ở vùng mũi họng có thể do tình trạng viêm nhiễm tại chỗ như viêm mũi xoang, viêm lợi, viêm amidan hoặc có thể là căn nguyên của nhiều căn bệnh khác. Vì thế bạn có thể đặt lịch khám tai - mũi - họng và răng - hàm - mặt tại vinmec để các bác sĩ thăm khám và có hướng điều trị tốt nhất cho bạn.",sau đó em cũng chụp x-quang phổi nhưng vẫn không tìm ra nguyên nhân vậy hơi thở có mùi của em là do đâu và em cần làm gì để chấm dứt tình trạng này cảm ơn bác sĩ đã tư vấn chào bạn cảm ơn bạn đã gửi câu hỏi về cho hệ thống y tế vinmec với câu hỏi của bạn tôi xin trả lời như sau mùi hôi ở vùng mũi họng có thể do tình trạng viêm nhiễm tại chỗ như viêm mũi xoang viêm lợi viêm amidan hoặc có thể là căn nguyên của nhiều căn bệnh khác vì thế bạn có thể đặt lịch khám tai - mũi - họng và răng - hàm - mặt tại vinmec để các bác sĩ thăm khám và có hướng điều trị tốt nhất cho bạn,O O O O O O O O O O O O O PERIOD O O O O O O O O O O O O O O O O O O O O QUESTION O O O O O O PERIOD O COMMA O O O O O O O O O O O O O COMMA O O O O O O O O O O O O O O O O O O O O O O O O O O O O O COMMA O COMMA O O O O O O O O O O O O PERIOD O O O O O O O O O O O O O O O O O O O O O O O O O O O O O O O O O O O PERIOD,,
validation_003282,validation,"Đây là 1 vòng xoáy bệnh lý mà gốc rễ nằm ở rối loạn tâm lý - tâm thần trước tiên. Do đó, mặc dù đây có thể là rối loạn tạm thời, nhưng nếu không điều trị thì có thể sẽ nặng nề hơn nhiều, việc điều trị sẽ giúp em mau bình phục hơn. Tôi không phải là bác sĩ chuyên khoa tâm thần, do đó em vẫn cần phải khám bác sĩ chuyên khoa tâm thần để xác định rõ loại rối loạn và điều trị thích hợp. Để chẩn đoán một người có rối loạn tâm lý - tâm thần mức độ ra sao, có kèm bệnh gì hay không, cần điều trị thuốc gì thì bác sĩ và bệnh nhân phải ngồi lại với nhau.",đây là 1 vòng xoáy bệnh lý mà gốc rễ nằm ở rối loạn tâm lý - tâm thần trước tiên do đó mặc dù đây có thể là rối loạn tạm thời nhưng nếu không điều trị thì có thể sẽ nặng nề hơn nhiều việc điều trị sẽ giúp em mau bình phục hơn tôi không phải là bác sĩ chuyên khoa tâm thần do đó em vẫn cần phải khám bác sĩ chuyên khoa tâm thần để xác định rõ loại rối loạn và điều trị thích hợp để chẩn đoán một người có rối loạn tâm lý - tâm thần mức độ ra sao có kèm bệnh gì hay không cần điều trị thuốc gì thì bác sĩ và bệnh nhân phải ngồi lại với nhau,O O O O O O O O O O O O O O O O O O O O PERIOD O COMMA O O O O O O O O O COMMA O O O O O O O O O O O O COMMA O O O O O O O O O PERIOD O O O O O O O O O COMMA O O O O O O O O O O O O O O O O O O O O O O O O PERIOD O O O O O O O O O O O O O O O O COMMA O O O O O COMMA O O O O O O O O O O O O O O O PERIOD,,
validation_004439,validation,"Một ngày 3 lần sáng sau đánh răng, tối trước khi đi ngủ và chiều sau khi tắm bạn nhé cảm ơn bác sỹ nhiều. Anh thắng cho hỏi họng như này thì bị sao ah. Hôm trc có hỏi a rồi mà mấy nay nó cứ vướng vướng phía bên phải khó chịu quá. Cảm ơn anh. Đó là các tổ chức lympho quá khi có viêm vùng họng bạn nhé, bạn súc họng sạch sẽ nếu không đỡ thì có thể phải dùng liệu pháp kháng sinh, song không nên lạm dụng hình ảnh này liệu có khả năng utvh hay gì ko bác sỹ. Vì thực tế nó cũng 2 tháng rồi. Trước có hạch bsy bv bạch mai cũng cho uống 20 ngày kháng sinh mà nó vẫn vậy. Nuốt hơi đau, ăn hơi vướng, đờm trong, ko ho sốt.",một ngày 3 lần sáng sau đánh răng tối trước khi đi ngủ và chiều sau khi tắm bạn nhé cảm ơn bác sỹ nhiều anh thắng cho hỏi họng như này thì bị sao ah hôm trc có hỏi a rồi mà mấy nay nó cứ vướng vướng phía bên phải khó chịu quá cảm ơn anh đó là các tổ chức lympho quá khi có viêm vùng họng bạn nhé bạn súc họng sạch sẽ nếu không đỡ thì có thể phải dùng liệu pháp kháng sinh song không nên lạm dụng hình ảnh này liệu có khả năng utvh hay gì ko bác sỹ vì thực tế nó cũng 2 tháng rồi trước có hạch bsy bv bạch mai cũng cho uống 20 ngày kháng sinh mà nó vẫn vậy nuốt hơi đau ăn hơi vướng đờm trong ko ho sốt,O O O O O O O COMMA O O O O O O O O O O O O O O O O PERIOD O O O O O O O O O O PERIOD O O O O O O O O O O O O O O O O O O PERIOD O O PERIOD O O O O O O O O O O O O O COMMA O O O O O O O O O O O O O O O O COMMA O O O O O O O O O O O O O O O O O PERIOD O O O O O O O PERIOD O O O O O O O O O O O O O O O O O PERIOD O O COMMA O O COMMA O COMMA O O PERIOD,,
validation_006053,validation,"Người lớn bảo là do đổi sữa mới bị như vậy cũng cho ăn rau củ quả uống nước mà không có biểu hiện khá lên nên em hoang mang quá nhờ bác sĩ tư vấn giúp ạ chào bạn, bé nhà bạn mấy ngày đi ngoài 1 lần và phân như thế nào, khô rắn hay vẫn khuôn bình thường. Chế độ ăn hàng ngày của các bé thế nào? Bạn có thể xem xét đổi sữa cho bé, ngoài vấn đề cho bé uống nhiều nước, tăng cường thực phẩm nhiều chất xơ, bạn luyện thói quen đi ngoài vào một giờ cố định cho trẻ và cho bé ăn thức ăn mềm lỏng dễ tiêu nhé. Ngoài ra không khuyến khích con nhịn đi ngoài khi buồn đi đặc biệt với trẻ đã đi học mẫu giáo.",người lớn bảo là do đổi sữa mới bị như vậy cũng cho ăn rau củ quả uống nước mà không có biểu hiện khá lên nên em hoang mang quá nhờ bác sĩ tư vấn giúp ạ chào bạn bé nhà bạn mấy ngày đi ngoài 1 lần và phân như thế nào khô rắn hay vẫn khuôn bình thường chế độ ăn hàng ngày của các bé thế nào bạn có thể xem xét đổi sữa cho bé ngoài vấn đề cho bé uống nhiều nước tăng cường thực phẩm nhiều chất xơ bạn luyện thói quen đi ngoài vào một giờ cố định cho trẻ và cho bé ăn thức ăn mềm lỏng dễ tiêu nhé ngoài ra không khuyến khích con nhịn đi ngoài khi buồn đi đặc biệt với trẻ đã đi học mẫu giáo,O O O O O O O O O O O O O O O O O O O O O O O O O O O O O O O O O O O O O O O COMMA O O O O O O O O O O O O O COMMA O O O O O O PERIOD O O O O O O O O O QUESTION O O O O O O O O COMMA O O O O O O O COMMA O O O O O O COMMA O O O O O O O O O O O O O O O O O O O O O O O PERIOD O O O O O O O O O O O O O O O O O O O O PERIOD,,
validation_006532,validation,"Sau khoảng 1-2 tuần thì không đau nữa nhưng cục u vẫn còn. Sau đó tầm 1 tháng thì biến mất hoàn toàn. Thỉnh thoảng cháu bị viêm họng thì cục u nổi lên lại, trung bình 1 năm nổi lên tầm 3-4 lần. Ngoài ra, cháu có bị u nang bã đậu nhỏ, không đau, nằm trong dái tai trái u bã đậu nằm phía trên so với cục u sưng tấy trên. Xin bác sĩ giải đáp dùm cháu là cháu bị triệu chứng như trên là bị bệnh gì? Vì sao cục u đó tái đi tái lại hoài? Có cách nào chữa dứt điểm không ạ? Chào bạn, qua mô tả cục u có thể bản chất là hạch, hạch vùng đầu mặt, hạch cổ rất dễ bị viêm phản ứng khi có ổ viêm nhiễm trong khu vực này.",sau khoảng 1-2 tuần thì không đau nữa nhưng cục u vẫn còn sau đó tầm 1 tháng thì biến mất hoàn toàn thỉnh thoảng cháu bị viêm họng thì cục u nổi lên lại trung bình 1 năm nổi lên tầm 3-4 lần ngoài ra cháu có bị u nang bã đậu nhỏ không đau nằm trong dái tai trái u bã đậu nằm phía trên so với cục u sưng tấy trên xin bác sĩ giải đáp dùm cháu là cháu bị triệu chứng như trên là bị bệnh gì vì sao cục u đó tái đi tái lại hoài có cách nào chữa dứt điểm không ạ chào bạn qua mô tả cục u có thể bản chất là hạch hạch vùng đầu mặt hạch cổ rất dễ bị viêm phản ứng khi có ổ viêm nhiễm trong khu vực này,O O O O O O O O O O O O PERIOD O O O O O O O O O PERIOD O O O O O O O O O O O COMMA O O O O O O O O PERIOD O COMMA O O O O O O O COMMA O COMMA O O O O O O O O O O O O O O O O O PERIOD O O O O O O O O O O O O O O O O O QUESTION O O O O O O O O O QUESTION O O O O O O O QUESTION O COMMA O O O O O O O O O O COMMA O O O COMMA O O O O O O O O O O O O O O O O PERIOD,,
validation_007017,validation,"Ngoài triệu chứng tiểu buốt ra, chú còn thấy bất thường gì không? Không cô trieu chứng gi them thuốc mua nha thuốc bac si cho tôi xin mot toa thuoc vi dịch covid không đi kham được chú đặt lịch khám miễn phí để được tư vấn cụ thể nhé chú. Cháu cần thêm 1 số thông tin mới kê đơn được ạ. Chú ấn vào ảnh đại diện của bác sỹ, chọn tư vấn trực tuyến, chọn ngày giờ khám, cháu sẽ gọi thoại hoặc gọi video để trao đổi cụ thể ạ tôi chưa nhận đuoc toa thuoc của bác sĩ. Chú vào phần hồ sơ sức khỏe, có mục đơn thuốc ạ chào bác sĩ, em năm nay 25 tuổi, hiện tại một bên amidan của em nổi một cục mủ nhưng không đau. Liệu nó có nguy hiểm không ạ?",ngoài triệu chứng tiểu buốt ra chú còn thấy bất thường gì không không cô trieu chứng gi them thuốc mua nha thuốc bac si cho tôi xin mot toa thuoc vi dịch covid không đi kham được chú đặt lịch khám miễn phí để được tư vấn cụ thể nhé chú cháu cần thêm 1 số thông tin mới kê đơn được ạ chú ấn vào ảnh đại diện của bác sỹ chọn tư vấn trực tuyến chọn ngày giờ khám cháu sẽ gọi thoại hoặc gọi video để trao đổi cụ thể ạ tôi chưa nhận đuoc toa thuoc của bác sĩ chú vào phần hồ sơ sức khỏe có mục đơn thuốc ạ chào bác sĩ em năm nay 25 tuổi hiện tại một bên amidan của em nổi một cục mủ nhưng không đau liệu nó có nguy hiểm không ạ,O O O O O COMMA O O O O O O QUESTION O O O O O O O O O O O O O O O O O O O O O O O O O O O O O O O O O O O O O O PERIOD O O O O O O O O O O O PERIOD O O O O O O O O COMMA O O O O COMMA O O O COMMA O O O O O O O O O O O O O O O O O O O O O PERIOD O O O O O O COMMA O O O O O O O COMMA O O O O COMMA O O O O O O O O O O O O O PERIOD O O O O O O QUESTION,,
validation_008501,validation,"Vì vậy, u gan lành không có chỉ định phẫu thuật để ngừa ung thư. Nếu u gan lành chuyển sang ung thư gan thì sẽ có chỉ định cắt 1 phần gan. Việc cắt gan không đơn giản như cắt tóc, do đó các bác sĩ rất hạn chế phẫu thuật gan. Trích từ gltt của alobacsi các phương pháp chẩn đoán và phân biệt u gan lành tính và ác tính hay bị đau đầu là bị gì ạ bs với tụt huyết áp chào chị huyết áp của chị đo được là bao nhiêu ạ? Con em dễ bị kích ứng mũi khi vào máy lạnh, nên em xin hỏi bác sĩ là sử dụng chai xịch này thường ngày cho trẻ có được không? Xin cảm ơn bác sĩ.",vì vậy u gan lành không có chỉ định phẫu thuật để ngừa ung thư nếu u gan lành chuyển sang ung thư gan thì sẽ có chỉ định cắt 1 phần gan việc cắt gan không đơn giản như cắt tóc do đó các bác sĩ rất hạn chế phẫu thuật gan trích từ gltt của alobacsi các phương pháp chẩn đoán và phân biệt u gan lành tính và ác tính hay bị đau đầu là bị gì ạ bs với tụt huyết áp chào chị huyết áp của chị đo được là bao nhiêu ạ con em dễ bị kích ứng mũi khi vào máy lạnh nên em xin hỏi bác sĩ là sử dụng chai xịch này thường ngày cho trẻ có được không xin cảm ơn bác sĩ,O COMMA O O O O O O O O O O O O PERIOD O O O O O O O O O O O O O O O O O PERIOD O O O O O O O O COMMA O O O O O O O O O O PERIOD O O O O O O O O O O O O O O O O O O O O O O O O O O O O O O O O O O O O O O O O O O O O QUESTION O O O O O O O O O O COMMA O O O O O O O O O O O O O O O O O O QUESTION O O O O PERIOD,,
validation_008987,validation,"Bạn hãy đi khám bác sĩ tâm thần để điều chỉnh lại giấc ngủ tự nhiên vào buổi tối, áp dụng các bài tập thể dục tại nhà, sống lành mạnh và cố gắng giao lưu với mọi người dưới mọi hình thức zalo, chat, vì mùa covid, thì bạn mới cải thiện được tình trạng hiện nay, bác sĩ chỉ có thể giúp bạn được 50 bệnh, còn lại vấn đề thuộc về sự cố gắng của bạn. Nếu bạn còn thắc mắc về điều trị dứt điểm rối loạn giấc ngủ, bạn có thể đến bệnh viện thuộc hệ thống y tế vinmec để kiểm tra và tư vấn thêm. Cảm ơn bạn đã tin tưởng và gửi câu hỏi đến vinmec. Chúc bạn có thật nhiều sức khỏe. Trân trọng.",bạn hãy đi khám bác sĩ tâm thần để điều chỉnh lại giấc ngủ tự nhiên vào buổi tối áp dụng các bài tập thể dục tại nhà sống lành mạnh và cố gắng giao lưu với mọi người dưới mọi hình thức zalo chat vì mùa covid thì bạn mới cải thiện được tình trạng hiện nay bác sĩ chỉ có thể giúp bạn được 50 bệnh còn lại vấn đề thuộc về sự cố gắng của bạn nếu bạn còn thắc mắc về điều trị dứt điểm rối loạn giấc ngủ bạn có thể đến bệnh viện thuộc hệ thống y tế vinmec để kiểm tra và tư vấn thêm cảm ơn bạn đã tin tưởng và gửi câu hỏi đến vinmec chúc bạn có thật nhiều sức khỏe trân trọng,O O O O O O O O O O O O O O O O O O COMMA O O O O O O O O COMMA O O O O O O O O O O O O O O O COMMA COMMA O O COMMA O O O O O O O O O COMMA O O O O O O O O O COMMA O O O O O O O O O O PERIOD O O O O O O O O O O O O O COMMA O O O O O O O O O O O O O O O O O O PERIOD O O O O O O O O O O O PERIOD O O O O O O PERIOD O PERIOD,,
validation_009335,validation,"Cảm ơn bác sĩ nhiều ạ. Chào em, em nên đưa bé đến khám bác sĩ chuyên khoa nhi để được bác sĩ kiểm tra, đánh giá tình trạng vết tiêm, cũng như đưa ra lời tư vấn cụ thể và chính xác nhất nhé. Cảm ơn em đã đặt câu hỏi tới hệ thống y tế vinmec. Trân trọng. Việc bọc răng sứ được thực hiện như thế nào, thưa bs? Sứ bọc răng có những loại nào, có phải càng mắc tiền thì càng tốt không ạ? Chào bạn, để bọc răng sứ có nhiều cách khác nhau. Khi bệnh nhân đến hoặc xin tái khám để bọc răng sứ sẽ có chỉ định mài răng, sau đó được lấy dấu răng và gửi labo, đúc răng theo kích thước răng bệnh nhân và gắn lên răng thật của bệnh nhân.",cảm ơn bác sĩ nhiều ạ chào em em nên đưa bé đến khám bác sĩ chuyên khoa nhi để được bác sĩ kiểm tra đánh giá tình trạng vết tiêm cũng như đưa ra lời tư vấn cụ thể và chính xác nhất nhé cảm ơn em đã đặt câu hỏi tới hệ thống y tế vinmec trân trọng việc bọc răng sứ được thực hiện như thế nào thưa bs sứ bọc răng có những loại nào có phải càng mắc tiền thì càng tốt không ạ chào bạn để bọc răng sứ có nhiều cách khác nhau khi bệnh nhân đến hoặc xin tái khám để bọc răng sứ sẽ có chỉ định mài răng sau đó được lấy dấu răng và gửi labo đúc răng theo kích thước răng bệnh nhân và gắn lên răng thật của bệnh nhân,O O O O O PERIOD O COMMA O O O O O O O O O O O O O O O O COMMA O O O O O COMMA O O O O O O O O O O O O O PERIOD O O O O O O O O O O O O PERIOD O PERIOD O O O O O O O O O COMMA O QUESTION O O O O O O COMMA O O O O O O O O O QUESTION O COMMA O O O O O O O O PERIOD O O O O O O O O O O O O O O O O O COMMA O O O O O O O O COMMA O O O O O O O O O O O O O O O PERIOD,,
validation_009754,validation,"Vậy em nên làm gì để giảm tác dụng phụ của thuốc ạ? Em có nên quay lại bs tiêu hóa để xin đổi thuốc không ạ? Em cảm ơn bs. Chào bạn, dùng thuốc để trị hp có thể làm cho người bệnh gặp những triệu chứng khó chịu như bạn kể. Theo tôi, bạn nên cố gắng điều trị cho hết liều thuốc, nhưng nếu khó chịu quá thì bạn quay lại bs kê toa để bs xem xét đổi thuốc. Thân mến. Xin chào bác sĩ. Tôi năm nay 58 tuổi, tôi có tiền sử sốc phản vệ độ 2 năm 2005 và đi cấp cứu sau khi uống thuốc liều cảm cúm mua ở ngoài tiệm thuốc tây địa phương gần nhà.",vậy em nên làm gì để giảm tác dụng phụ của thuốc ạ em có nên quay lại bs tiêu hóa để xin đổi thuốc không ạ em cảm ơn bs chào bạn dùng thuốc để trị hp có thể làm cho người bệnh gặp những triệu chứng khó chịu như bạn kể theo tôi bạn nên cố gắng điều trị cho hết liều thuốc nhưng nếu khó chịu quá thì bạn quay lại bs kê toa để bs xem xét đổi thuốc thân mến xin chào bác sĩ tôi năm nay 58 tuổi tôi có tiền sử sốc phản vệ độ 2 năm 2005 và đi cấp cứu sau khi uống thuốc liều cảm cúm mua ở ngoài tiệm thuốc tây địa phương gần nhà,O O O O O O O O O O O O QUESTION O O O O O O O O O O O O O QUESTION O O O PERIOD O COMMA O O O O O O O O O O O O O O O O O O O PERIOD O COMMA O O O O O O O O O COMMA O O O O O O O O O O O O O O O O O PERIOD O PERIOD O O O PERIOD O O O O COMMA O O O O O O O O O O O O O O O O O O O O O O O O O O O O O O O PERIOD,,
validation_010455,validation,"Vâng ạ thế bệnh này có chữa trị khỏi k bác sĩ nếu là hội trứng buồng trứng đa nang, nguyên nhân chưa rõ, tỉ lệ gặp cao, 10 người phụ nữu thì có 1 người bị. Và không chữa khỏi hẳn, chỉ có hỗ trợ khi cần vì dụ như lâu có con. Tuy nhiên không phải ai có hội chứng buồng chứng đa nang đều chậm có con cả. Nhiều người họ có con rất dễ dàng. Nên em đừng quá lo lắng. Việc trước mắt em hãy làm theo bs bảo nhé. Nhớ giảm cân từ từ và có biện pháp giảm cân phù hợp.",vâng ạ thế bệnh này có chữa trị khỏi k bác sĩ nếu là hội trứng buồng trứng đa nang nguyên nhân chưa rõ tỉ lệ gặp cao 10 người phụ nữu thì có 1 người bị và không chữa khỏi hẳn chỉ có hỗ trợ khi cần vì dụ như lâu có con tuy nhiên không phải ai có hội chứng buồng chứng đa nang đều chậm có con cả nhiều người họ có con rất dễ dàng nên em đừng quá lo lắng việc trước mắt em hãy làm theo bs bảo nhé nhớ giảm cân từ từ và có biện pháp giảm cân phù hợp,O O O O O O O O O O O O O O O O O O O COMMA O O O COMMA O O O COMMA O O O O O O O O PERIOD O O O O COMMA O O O O O O O O O O O PERIOD O O O O O O O O O O O O O O O O PERIOD O O O O O O O PERIOD O O O O O PERIOD O O O O O O O O O PERIOD O O O O O O O O O O O O PERIOD,,
validation_011550,validation,"Cả hai loại vắc xin thương hàn đường uống và đường tiêm nhìn chung đều an toàn và ít có phản ứng nghiêm trọng. Sự khác biệt cơ bản của hai loại vắc xin này là vắc xin thường hàn đường uống là dạng vắc xin sống, giảm đông lực, tức là điều chế từ vi khuẩn sống được làm giảm động lực, do đó không nên dùng cho người có hệ miễn dịch yếu. Vắc xin thương hàn đường tiêm là vắc xin bất hoạt, tức là điều chế từ vi khuẩn chết. Nhà sản xuất khuyến cáo không nên sử dụng vắc xin thương hàn đường uống cho trẻ em dưới 6 tuổi. Con bạn 40 tháng tuổi, có thể sử dụng được vắc xin thương hàn đường tiêm. Bạn nên cho cháu tiêm vắc xin sau khi đã khỏi sổ mũi.",cả hai loại vắc xin thương hàn đường uống và đường tiêm nhìn chung đều an toàn và ít có phản ứng nghiêm trọng sự khác biệt cơ bản của hai loại vắc xin này là vắc xin thường hàn đường uống là dạng vắc xin sống giảm đông lực tức là điều chế từ vi khuẩn sống được làm giảm động lực do đó không nên dùng cho người có hệ miễn dịch yếu vắc xin thương hàn đường tiêm là vắc xin bất hoạt tức là điều chế từ vi khuẩn chết nhà sản xuất khuyến cáo không nên sử dụng vắc xin thương hàn đường uống cho trẻ em dưới 6 tuổi con bạn 40 tháng tuổi có thể sử dụng được vắc xin thương hàn đường tiêm bạn nên cho cháu tiêm vắc xin sau khi đã khỏi sổ mũi,O O O O O O O O O O O O O O O O O O O O O O O PERIOD O O O O O O O O O O O O O O O O O O O O O O COMMA O O COMMA O O O O O O O O O O O O COMMA O O O O O O O O O O O PERIOD O O O O O O O O O O COMMA O O O O O O O PERIOD O O O O O O O O O O O O O O O O O O O O PERIOD O O O O COMMA O O O O O O O O O O PERIOD O O O O O O O O O O O O PERIOD,,
validation_011670,validation,"Dạ lau rui ah từ lúc bé 2 thang, be không tự ngủ dc cứ be lên ngủ đặt xuong cái là thức, tối 9h cho bé ngủ la 10h bé lại quây khóc, em nghĩ bé lớn sẽ hết mà giờ hơn 1 tuổi rui vẫn quấy khóc, e đã giảm giac ngu ngay cho bé, be ngủ 2h hoac 1h ruoi vào buổi trưa vây mà tối bé vẫn quấy khóc em đặt 1 lịch tư vấn online, bs gọi tư vấn cho em nhé em ấn vào ảnh đại diện của chị sẽ ra phần đặt khám trực tuyến sau khi ấn đặt khám, em ấn vào nhập mã khuyến mại, ấn vào mã giảm giá 150000, ấn hoàn thành là được em nhé sau đó bs sẽ tư vấn cho em các bác sĩ cho em hỏi chút ạ.",dạ lau rui ah từ lúc bé 2 thang be không tự ngủ dc cứ be lên ngủ đặt xuong cái là thức tối 9h cho bé ngủ la 10h bé lại quây khóc em nghĩ bé lớn sẽ hết mà giờ hơn 1 tuổi rui vẫn quấy khóc e đã giảm giac ngu ngay cho bé be ngủ 2h hoac 1h ruoi vào buổi trưa vây mà tối bé vẫn quấy khóc em đặt 1 lịch tư vấn online bs gọi tư vấn cho em nhé em ấn vào ảnh đại diện của chị sẽ ra phần đặt khám trực tuyến sau khi ấn đặt khám em ấn vào nhập mã khuyến mại ấn vào mã giảm giá 150000 ấn hoàn thành là được em nhé sau đó bs sẽ tư vấn cho em các bác sĩ cho em hỏi chút ạ,O O O O O O O O COMMA O O O O O O O O O O O O O COMMA O O O O O O O O O O COMMA O O O O O O O O O O O O O O COMMA O O O O O O O COMMA O O O O O O O O O O O O O O O O O O O O O O COMMA O O O O O O O O O O O O O O O O O O O O O O O O O O COMMA O O O O O O COMMA O O O O O COMMA O O O O O O O O O O O O O O O O O O O O O O PERIOD,,
validation_011732,validation,"Em đau vùng sau cổ cả ngày luôn, xoa dầu nóng thì đỡ 1 lúc hết dầu lại đau lại, nhiều khi ngủ dậy đau dọc sống lưng nằm phải co quắp người lại mới đỡ, bs cho em lời khuyên với ạ. Đau vai gáy kéo dài có thể gây khó khăn trong sinh hoạt và làm việc chào em, em đang có biểu hiện của hội chứng đau vai gáy và đau cột sống thắt lưng. Triệu chứng này có thể do nhiều nguyên nhân khác nhau gây nên.",em đau vùng sau cổ cả ngày luôn xoa dầu nóng thì đỡ 1 lúc hết dầu lại đau lại nhiều khi ngủ dậy đau dọc sống lưng nằm phải co quắp người lại mới đỡ bs cho em lời khuyên với ạ đau vai gáy kéo dài có thể gây khó khăn trong sinh hoạt và làm việc chào em em đang có biểu hiện của hội chứng đau vai gáy và đau cột sống thắt lưng triệu chứng này có thể do nhiều nguyên nhân khác nhau gây nên,O O O O O O O COMMA O O O O O O O O O O O COMMA O O O O O O O O O O O O O O O COMMA O O O O O O PERIOD O O O O O O O O O O O O O O O O O COMMA O O O O O O O O O O O O O O O O PERIOD O O O O O O O O O O O O PERIOD,,
validation_011758,validation,"Dạ chào bác sĩ ạ, em năm nay 21 tuổi, bị viêm xung huyết hang vị hp qua lần nội soi dạ dày đại tràng cách đây 8 tháng. Gần đây khi bị tái đau lại thì em sợ chuyển qua polyp hay ung thư nên em có đi khám, muốn nội soi lại thì bác sĩ ở đó bảo không cần nội soi vì kết quả nội soi lần trước có giá trị 5 năm nên không đáng lo ngại. Không biết có phải vậy không ạ? Mong bác sĩ phổ cập cho em. Em cám ơn bác sĩ ạ. Chào em, thứ nhất, từ viêm sung huyết hang vị do hp mà chuyển qua polyp hay ung thư thì không thể trong vòng 8 tháng được mà cần thời gian khá dài, trung bình là 5 năm.",dạ chào bác sĩ ạ em năm nay 21 tuổi bị viêm xung huyết hang vị hp qua lần nội soi dạ dày đại tràng cách đây 8 tháng gần đây khi bị tái đau lại thì em sợ chuyển qua polyp hay ung thư nên em có đi khám muốn nội soi lại thì bác sĩ ở đó bảo không cần nội soi vì kết quả nội soi lần trước có giá trị 5 năm nên không đáng lo ngại không biết có phải vậy không ạ mong bác sĩ phổ cập cho em em cám ơn bác sĩ ạ chào em thứ nhất từ viêm sung huyết hang vị do hp mà chuyển qua polyp hay ung thư thì không thể trong vòng 8 tháng được mà cần thời gian khá dài trung bình là 5 năm,O O O O COMMA O O O O COMMA O O O O O O O O O O O O O O O O O O PERIOD O O O O O O O O O O O O O O O O O O O O COMMA O O O O O O O O O O O O O O O O O O O O O O O O O O O O O O PERIOD O O O O O O QUESTION O O O O O O PERIOD O O O O O PERIOD O COMMA O COMMA O O O O O O O O O O O O O O O O O O O O O O O O O O O O COMMA O O O O PERIOD,,
validation_013791,validation,"Chưa có nhiều nghiên cứu về thời gian đáp ứng miễn dịch của văc xin kéo dài bao lâu và bao lâu phải tiêm lại bạn nhé. Chào bác sĩ. Cháu 25 tuổi, móng chân cái của cháu xuất hiện 1 đường sọc kẻ màu nâu và cũng được 1 thời gian dài mà không thấy mất đi, cũng không đau hay sưng gì. Mong bác sĩ tư vấn giúp cháu. Cháu cảm ơn bác sĩ nhiều. Chào bạn, đường sọc màu đen như hình ảnh bạn cung cấp nếu kéo dài đã lâu, không tiến triển nhiều thêm thường do một số nguyên nhânn như thiểu dưỡng móng, thiếu các vi chất vitamin và khoáng chất, stress, nấm móng, chấn thương móng mặc dù có tỉ lệ thấp sọc đen là do ung thư hắc tố chưa thấy có dấu hiệu nghi ngờ.",chưa có nhiều nghiên cứu về thời gian đáp ứng miễn dịch của văc xin kéo dài bao lâu và bao lâu phải tiêm lại bạn nhé chào bác sĩ cháu 25 tuổi móng chân cái của cháu xuất hiện 1 đường sọc kẻ màu nâu và cũng được 1 thời gian dài mà không thấy mất đi cũng không đau hay sưng gì mong bác sĩ tư vấn giúp cháu cháu cảm ơn bác sĩ nhiều chào bạn đường sọc màu đen như hình ảnh bạn cung cấp nếu kéo dài đã lâu không tiến triển nhiều thêm thường do một số nguyên nhânn như thiểu dưỡng móng thiếu các vi chất vitamin và khoáng chất stress nấm móng chấn thương móng mặc dù có tỉ lệ thấp sọc đen là do ung thư hắc tố chưa thấy có dấu hiệu nghi ngờ,O O O O O O O O O O O O O O O O O O O O O O O O O O PERIOD O O PERIOD O O COMMA O O O O O O O O O O O O O O O O O O O O O O O O COMMA O O O O O PERIOD O O O O O O PERIOD O O O O O PERIOD O COMMA O O O O O O O O O O O O O O COMMA O O O O O O O O O O O O O O COMMA O O O O O O O COMMA COMMA O COMMA O O O O O O O O O O O O O O O O O O O O O O O PERIOD,,
validation_014285,validation,"Hiện tại mình chỉ có vắc-xin phòng ngừa cúm a h1n1, h3n2 và một số cúm b, chưa có cúm h5n1 nha bạn. Bạn tham khảo thêm một số thông tin về vắc-xin trong bài viết này các loại cúm khác nhau cúm a, b, c và các loại khác em chào bác sĩ, năm 2014 em có đi làm hồ sơ sinh em bé và được kết quả xét nghiệm tpha dương tính nhưng e không điều trị và đến năm 2017 em làm hồ sơ sinh bé thứ 2 thì xét nghiệm có kết quả rpr âm tính và tpha dương tính 1/640 và em cũng không điều trị. Nhưng bây giờ em muốn đi xuất khẩu lao động tại đài loan và em có lên bệnh viện da liễu kiểm tra thì vẫn tpha dương tính 1/130.",hiện tại mình chỉ có vắc-xin phòng ngừa cúm a h1n1 h3n2 và một số cúm b chưa có cúm h5n1 nha bạn bạn tham khảo thêm một số thông tin về vắc-xin trong bài viết này các loại cúm khác nhau cúm a b c và các loại khác em chào bác sĩ năm 2014 em có đi làm hồ sơ sinh em bé và được kết quả xét nghiệm tpha dương tính nhưng e không điều trị và đến năm 2017 em làm hồ sơ sinh bé thứ 2 thì xét nghiệm có kết quả rpr âm tính và tpha dương tính 1/640 và em cũng không điều trị nhưng bây giờ em muốn đi xuất khẩu lao động tại đài loan và em có lên bệnh viện da liễu kiểm tra thì vẫn tpha dương tính 1/130,O O O O O O O O O O COMMA O O O O O COMMA O O O O O PERIOD O O O O O O O O O O O O O O O O O O O O COMMA COMMA O O O O O O O O COMMA O O O O O O O O O O O O O O O O O O O O O O O O O O O O O O O O O O O O O O O O O O O O O O O O O O O O O O O O PERIOD O O O O O O O O O O O O O O O O O O O O O O O O O O O O PERIOD,,
validation_014516,validation,"Chào bạn, cảm ơn bạn đã gửi câu hỏi về cho hệ thống y tế vinmec, với câu hỏi của bạn, tôi xin trả lời như sau theo như bạn mô tả thì rất có thể bạn đã mắc bệnh đau đầu căng cơ. Tuy nhiên để tìm ra nguyên nhân chính xác gây bệnh thì bạn nên đi khám chuyên khoa nội thần kinh, từ đó các bác sĩ sẽ đưa ra phác đồ điều trị hiệu quả nhất cho bạn. Chúc bạn có nhiều sức khỏe.",chào bạn cảm ơn bạn đã gửi câu hỏi về cho hệ thống y tế vinmec với câu hỏi của bạn tôi xin trả lời như sau theo như bạn mô tả thì rất có thể bạn đã mắc bệnh đau đầu căng cơ tuy nhiên để tìm ra nguyên nhân chính xác gây bệnh thì bạn nên đi khám chuyên khoa nội thần kinh từ đó các bác sĩ sẽ đưa ra phác đồ điều trị hiệu quả nhất cho bạn chúc bạn có nhiều sức khỏe,O COMMA O O O O O O O O O O O O O COMMA O O O O COMMA O O O O O O O O O O O O O O O O O O O O O O PERIOD O O O O O O O O O O O O O O O O O O O O COMMA O O O O O O O O O O O O O O O O PERIOD O O O O O PERIOD,,
